ID,Race_ID,Horse_number,Place,Draw,Horse_ID,Country,Name,Age,weight_uk,weight,gears,Horse_rate,jockey_ID,jockey,trainer_ID,trainer,fav,SP,Distance_btn,Distance_btn_total,distance_sec_1,sectional_time_1,distance_sec_2,sectional_time_2,distance_sec_3,sectional_time_3,distance_sec_4,sectional_time_4,distance_sec_5,sectional_time_5,distance_sec_6,sectional_time_6,distance_sec_7,sectional_time_7,distance_sec_8,sectional_time_8,distance_sec_9,sectional_time_9,distance_sec_10,sectional_time_10,distance_sec_11,sectional_time_11,distance_sec_12,sectional_time_12,distance_sec_13,sectional_time_13,distance_sec_14,sectional_time_14,distance_sec_15,sectional_time_15,distance_sec_16,sectional_time_16,distance_sec_17,sectional_time_17,distance_sec_18,sectional_time_18,finish_time,distance_speed_early_race,speed_achieved_early_race,distance_speed_mid_race,speed_achieved_mid_race,distance_speed_finish_race,speed_achieved_finish_race
100053461,183444,3,1,8,155067,IRE,Castrillo,2,9-7,60.3,,-,3959,William Cox,4143,A Watson,2nd,4.5,,0.0,,,,,,,,,,,,,,,,,,,,,,,,,,,,,,,,,,,,,,,,,,,
100053462,183444,5,2,4,71650,GB,Anywaythewindblows,2,9-2,58.05,,-,4694,Rhys Clutterbuck,224,J G Portman,,21.0,¾,0.75,,,,,,,,,,,,,,,,,,,,,,,,,,,,,,,,,,,,,,,,,,,
100053463,183444,7,3,7,155418,IRE,Ten Sixty Six,2,9-2,58.05,,-,928,S M Levey,1642,D O'Meara,1st,1.83,1¼,2.0,,,,,,,,,,,,,,,,,,,,,,,,,,,,,,,,,,,,,,,,,,,
100053464,183444,4,4,6,156019,IRE,Gazal Almarmoom,2,9-7,60.3,,-,4172,Finley Marsh,4207,R Hughes,,7.0,1½,3.5,,,,,,,,,,,,,,,,,,,,,,,,,,,,,,,,,,,,,,,,,,,
100053465,183444,6,5,3,154806,GB,Forceful Lady,2,9-2,58.05,,-,6490,Jack Doughty,135,A W Carroll,,51.0,1¼,4.75,,,,,,,,,,,,,,,,,,,,,,,,,,,,,,,,,,,,,,,,,,,
100053466,183444,2,6,5,156016,GB,Captain Cairney,2,9-7,60.3,,-,3797,Lewis Edmunds,4160,W Muir & C Grassick,,7.0,8½,13.25,,,,,,,,,,,,,,,,,,,,,,,,,,,,,,,,,,,,,,,,,,,
100053467,183444,1,7,1,154968,GB,Addmann,2,9-4,58.95,,-,5651,Taylor Fisher,2715,J Tickle,,101.0,4½,17.75,,,,,,,,,,,,,,,,,,,,,,,,,,,,,,,,,,,,,,,,,,,
100053468,183445,3,1,2,154234,GB,Highlighting,2,9-7,60.3,t p 1 ,53,5195,Callum Hutchinson,308,Eve Johnson Houghton,,13.0,,0.0,,,,,,,,,,,,,,,,,,,,,,,,,,,,,,,,,,,,,,,,,,,
100053469,183445,2,2,1,154295,GB,Looks Likely,2,9-3,58.5,,54,5597,Liam Wright,4161,H Palmer,2nd,4.5,½,0.5,,,,,,,,,,,,,,,,,,,,,,,,,,,,,,,,,,,,,,,,,,,
100053470,183445,6,3,3,152287,IRE,Redditizio,2,8-13,56.65,p,50,5641,Elizabeth Gale,111,J S Moore,,5.0,hd,0.75,,,,,,,,,,,,,,,,,,,,,,,,,,,,,,,,,,,,,,,,,,,
100053471,183445,1,4,6,154477,GB,Resdev Kisses,2,9-1,57.6,,54,6160,Lewis Chalkley,4184,M & D Easterby,,8.5,½,1.25,,,,,,,,,,,,,,,,,,,,,,,,,,,,,,,,,,,,,,,,,,,
100053472,183445,5,5,5,155121,GB,Isthatu,2,9-3,58.5,,52,5651,Taylor Fisher,111,J S Moore,,7.0,nk,1.5,,,,,,,,,,,,,,,,,,,,,,,,,,,,,,,,,,,,,,,,,,,
100053473,183445,4,6,4,154229,GB,Doilookokay,2,9-7,60.3,,53,4282,Faye McManoman,802,N Tinkler,1st,2.75,1,2.5,,,,,,,,,,,,,,,,,,,,,,,,,,,,,,,,,,,,,,,,,,,
100053474,183446,11,1,9,144130,GB,Dovey Moon,3,8-11,55.75,,64,6691,Jack Dace,114,P D Evans,,12.0,,0.0,,,,,,,,,,,,,,,,,,,,,,,,,,,,,,,,,,,,,,,,,,,
100053475,183446,9,2,12,101580,GB,Ajrad,7,9-4,58.95,p,60,3797,Lewis Edmunds,162,B R Millman,,7.0,1½,1.5,,,,,,,,,,,,,,,,,,,,,,,,,,,,,,,,,,,,,,,,,,,
100053476,183446,15,3,7,127056,GB,Too Much Trevor,4,8-5,53.05,,47,5258,Aidan Keeley,4229,G Harris,,21.0,1,2.5,,,,,,,,,,,,,,,,,,,,,,,,,,,,,,,,,,,,,,,,,,,
100053477,183446,12,4,3,100364,GB,Rival,7,8-6,53.5,p,53,5641,Elizabeth Gale,59,J L Flint,,15.0,2¼,4.75,,,,,,,,,,,,,,,,,,,,,,,,,,,,,,,,,,,,,,,,,,,
100053478,183446,1,5,4,102245,IRE,Spirit Of The Bay,7,9-9,61.2,p,68,5651,Taylor Fisher,59,J L Flint,1st,4.5,1¾,6.5,,,,,,,,,,,,,,,,,,,,,,,,,,,,,,,,,,,,,,,,,,,
100053479,183446,8,6,2,123614,GB,Johnjay,5,9-5,59.4,,61,5195,Callum Hutchinson,303,R A Teal,,12.0,nk,6.75,,,,,,,,,,,,,,,,,,,,,,,,,,,,,,,,,,,,,,,,,,,
100053480,183446,5,7,6,121154,IRE,Onslow Gardens,5,9-6,59.85,,65,5950,Alec Voikhansky,4239,K Frost,2nd,6.5,½,7.25,,,,,,,,,,,,,,,,,,,,,,,,,,,,,,,,,,,,,,,,,,,
100053481,183446,7,8,17,121368,GB,Dappled Light,5,9-5,59.4,b,61,4172,Finley Marsh,4151,A Wintle,,9.0,1½,8.75,,,,,,,,,,,,,,,,,,,,,,,,,,,,,,,,,,,,,,,,,,,
100053482,183446,14,9,14,90140,IRE,Fact Or Fable,8,8-5,53.05,p,47,1432,Gina Mangan,111,J S Moore,,34.0,1½,10.25,,,,,,,,,,,,,,,,,,,,,,,,,,,,,,,,,,,,,,,,,,,
100053483,183446,3,10,8,116151,IRE,Soi Dao,6,9-5,59.4,p,66,6570,Taryn Langley,4151,A Wintle,,12.0,2,12.25,,,,,,,,,,,,,,,,,,,,,,,,,,,,,,,,,,,,,,,,,,,
100053484,183446,17,11,1,115493,IRE,Letter Of The Law,6,7-10,48.95,b,45,5291,Jay Mackay,908,J G M O'Shea,,34.0,nk,12.5,,,,,,,,,,,,,,,,,,,,,,,,,,,,,,,,,,,,,,,,,,,
100053485,183446,13,12,13,142457,IRE,Sangara,3,8-8,54.4,t h,56,4371,George Bass,4209,J Channon,,23.0,1¼,13.75,,,,,,,,,,,,,,,,,,,,,,,,,,,,,,,,,,,,,,,,,,,
100053486,183446,16,13,11,90428,GB,Port Noir,8,8-5,53.05,t,47,6490,Jack Doughty,4156,R Stephens,,17.0,4,17.75,,,,,,,,,,,,,,,,,,,,,,,,,,,,,,,,,,,,,,,,,,,
100053487,183446,6,14,16,119453,IRE,Romanovich,6,9-7,60.3,b,63,26,William Carson,908,J G M O'Shea,,41.0,3,20.75,,,,,,,,,,,,,,,,,,,,,,,,,,,,,,,,,,,,,,,,,,,
100053488,183446,2,RR,15,127075,GB,Diddy Man,4,9-11,62.1,,67,193,R Havlin,3420,T Faulkner,,13.0,,,,,,,,,,,,,,,,,,,,,,,,,,,,,,,,,,,,,,,,,,,,,
100053489,183447,6,1,5,141672,GB,Scent Of May,3,9-2,58.05,,36,3134,Nicola Currie,599,H Candy,,26.0,,0.0,,,,,,,,,,,,,,,,,,,,,,,,,,,,,,,,,,,,,,,,,,,
100053490,183447,2,2,2,154712,IRE,Star Of Mali,3,9-7,60.3,v 1 ,75,3797,Lewis Edmunds,2238,J Tate,1st,1.08,shd,0.25,,,,,,,,,,,,,,,,,,,,,,,,,,,,,,,,,,,,,,,,,,,
100053491,183447,1,3,4,135233,GB,Off The Bench,3,9-4,58.95,p,44,5651,Taylor Fisher,111,J S Moore,,41.0,3,3.25,,,,,,,,,,,,,,,,,,,,,,,,,,,,,,,,,,,,,,,,,,,
100053492,183447,5,4,1,152801,IRE,Love You Millions,3,9-2,58.05,h,-,4172,Finley Marsh,4384,P Attwater,2nd,8.5,½,3.75,,,,,,,,,,,,,,,,,,,,,,,,,,,,,,,,,,,,,,,,,,,
100053493,183447,3,5,3,154982,GB,Tommy Blue,3,9-7,60.3,,-,5296,Benoit D L Sayette,2437,Mrs I Gansera-leveque,,41.0,5,8.75,,,,,,,,,,,,,,,,,,,,,,,,,,,,,,,,,,,,,,,,,,,
100053494,183448,4,1,5,94515,IRE,Some Nightmare,8,9-4,58.95,p,55,26,William Carson,908,J G M O'Shea,,8.0,,0.0,,,,,,,,,,,,,,,,,,,,,,,,,,,,,,,,,,,,,,,,,,,
100053495,183448,1,2,4,113093,GB,Connies Rose,6,10-0,63.5,t p,65,3797,Lewis Edmunds,4229,G Harris,1st,2.38,1½,1.5,,,,,,,,,,,,,,,,,,,,,,,,,,,,,,,,,,,,,,,,,,,
100053496,183448,3,3,8,141772,GB,Reporter,3,9-8,60.75,h,61,5296,Benoit D L Sayette,126,M J Attwater,,13.0,nk,1.75,,,,,,,,,,,,,,,,,,,,,,,,,,,,,,,,,,,,,,,,,,,
100053497,183448,6,4,3,113541,GB,Notre Maison,6,8-9,54.85,,51,6570,Taryn Langley,629,W S Kittow,2nd,4.0,½,2.25,,,,,,,,,,,,,,,,,,,,,,,,,,,,,,,,,,,,,,,,,,,
100053498,183448,2,5,6,135865,GB,Over Spiced,3,9-12,62.55,p 1 ,65,4172,Finley Marsh,4229,G Harris,,4.5,1½,3.75,,,,,,,,,,,,,,,,,,,,,,,,,,,,,,,,,,,,,,,,,,,
100053499,183448,8,6,1,137291,IRE,Rogue Endeavour,3,8-9,54.85,h 1 ,48,6490,Jack Doughty,4229,G Harris,,34.0,2,5.75,,,,,,,,,,,,,,,,,,,,,,,,,,,,,,,,,,,,,,,,,,,
100053500,183448,7,7,7,101281,IRE,Fossos,7,8-2,51.7,v,46,6646,Zoe Lewis,3420,T Faulkner,,51.0,¾,6.5,,,,,,,,,,,,,,,,,,,,,,,,,,,,,,,,,,,,,,,,,,,
100053501,183449,8,1,4,131039,IRE,My Clementine,4,9-0,57.15,(oh1),46,4172,Finley Marsh,4151,A Wintle,,10.0,,0.0,,,,,,,,,,,,,,,,,,,,,,,,,,,,,,,,,,,,,,,,,,,
100053502,183449,2,2,1,113014,IRE,King of The Dance,6,9-3,58.5,p,54,6570,Taryn Langley,528,B J Llewellyn,2nd,3.5,1,1.0,,,,,,,,,,,,,,,,,,,,,,,,,,,,,,,,,,,,,,,,,,,
100053503,183449,4,3,7,101643,GB,Shark Two One,7,9-6,59.85,p,52,3797,Lewis Edmunds,3545,Jessica Macey,1st,3.0,1¼,2.25,,,,,,,,,,,,,,,,,,,,,,,,,,,,,,,,,,,,,,,,,,,
100053504,183449,9,4,10,81718,IRE,Eye Of The Water,9,9-0,57.15,(oh1) p,46,3134,Nicola Currie,172,R Harris,,8.5,1½,3.75,,,,,,,,,,,,,,,,,,,,,,,,,,,,,,,,,,,,,,,,,,,
100053505,183449,6,5,8,127773,IRE,Bated Breeze,4,9-5,59.4,,51,4694,Rhys Clutterbuck,4347,G & J Moore,,5.5,nse,4.0,,,,,,,,,,,,,,,,,,,,,,,,,,,,,,,,,,,,,,,,,,,
100053506,183449,3,6,2,126941,GB,Kurimu,4,9-3,58.5,,54,5641,Elizabeth Gale,254,Mrs N S Evans,,13.0,¾,4.75,,,,,,,,,,,,,,,,,,,,,,,,,,,,,,,,,,,,,,,,,,,
100053507,183449,7,7,6,146042,GB,Blazing Bobcat,3,9-4,58.95,b 1 ,55,5258,Aidan Keeley,4153,H Main,,67.0,14,18.75,,,,,,,,,,,,,,,,,,,,,,,,,,,,,,,,,,,,,,,,,,,
100053508,183449,10,8,3,127251,IRE,Tea Leaf Ted,4,8-9,54.85,(oh1) b,46,5657,Ben Ffrench-Davis,36,D J S Ffrench Davis,,51.0,7½,26.25,,,,,,,,,,,,,,,,,,,,,,,,,,,,,,,,,,,,,,,,,,,
100053509,183449,5,9,9,119527,IRE,Kings Gem,5,9-6,59.85,b,52,193,R Havlin,3420,T Faulkner,,41.0,6,32.25,,,,,,,,,,,,,,,,,,,,,,,,,,,,,,,,,,,,,,,,,,,
100053510,183450,1,1,2,131796,GB,Waistcoat,4,9-10,61.65,t,63,4694,Rhys Clutterbuck,4445,Ross Burdon,1st,2.5,,0.0,,,,,,,,,,,,,,,,,,,,,,,,,,,,,,,,,,,,,,,,,,,
100053511,183450,2,2,1,107397,GB,Silent Flame,7,9-9,61.2,b,62,3797,Lewis Edmunds,162,B R Millman,2nd,5.0,nk,0.25,,,,,,,,,,,,,,,,,,,,,,,,,,,,,,,,,,,,,,,,,,,
100053512,183450,4,3,5,93006,IRE,Punchbowl Flyer,8,8-13,56.65,b,59,5291,Jay Mackay,908,J G M O'Shea,,5.5,1,1.25,,,,,,,,,,,,,,,,,,,,,,,,,,,,,,,,,,,,,,,,,,,
100053513,183450,8,4,4,98931,IRE,Mighty Gurkha,7,9-4,58.95,b,57,193,R Havlin,3420,T Faulkner,,12.0,2¾,4.0,,,,,,,,,,,,,,,,,,,,,,,,,,,,,,,,,,,,,,,,,,,
100053514,183450,3,5,6,137959,GB,Junipers Dream,3,9-8,60.75,,64,3959,William Cox,114,P D Evans,,19.0,3¼,7.25,,,,,,,,,,,,,,,,,,,,,,,,,,,,,,,,,,,,,,,,,,,
100053515,183450,7,6,3,137930,IRE,Pure Artistry,3,9-5,59.4,t,61,4172,Finley Marsh,318,M L W Bell,,5.5,2½,9.75,,,,,,,,,,,,,,,,,,,,,,,,,,,,,,,,,,,,,,,,,,,
100053516,183450,5,7,8,151745,IRE,Road House,3,9-5,59.4,,61,3632,Edward Greatrex,4437,Faye Bramley,,26.0,15,24.75,,,,,,,,,,,,,,,,,,,,,,,,,,,,,,,,,,,,,,,,,,,
100053517,183451,8,1,4,154246,GB,Empress Olivia,2,9-0,57.15,,-,4189,Harry Russell,4147,M Walford,,29.0,,0.0,,,,,,,,,,,,,,,,,,,,,,,,,,,,,,,,,,,,,,,,,,,
100053518,183451,3,2,6,155321,IRE,Quantum Power,2,9-7,60.3,v,-,5587,Harry Davies,3139,Tom Clover,2nd,4.33,2¾,2.75,,,,,,,,,,,,,,,,,,,,,,,,,,,,,,,,,,,,,,,,,,,
100053519,183451,1,3,9,155115,GB,Dream More,2,9-7,60.3,,-,1026,D Allan,470,T D Easterby,1st,2.38,hd,3.0,,,,,,,,,,,,,,,,,,,,,,,,,,,,,,,,,,,,,,,,,,,
100053520,183451,9,4,5,155435,IRE,India Gold,2,9-0,57.15,,-,1922,Jason Hart,3,Miss Gay Kelleway,,7.5,hd,3.25,,,,,,,,,,,,,,,,,,,,,,,,,,,,,,,,,,,,,,,,,,,
100053521,183451,7,5,2,155762,IRE,Vegas Virtue,2,9-2,58.05,,-,4553,Sean Kirrane,470,T D Easterby,,7.5,2,5.25,,,,,,,,,,,,,,,,,,,,,,,,,,,,,,,,,,,,,,,,,,,
100053522,183451,6,6,8,155409,GB,Queenies Pal,2,8-13,56.65,,-,5248,William Pyle,349,N Wilson,,67.0,nse,5.5,,,,,,,,,,,,,,,,,,,,,,,,,,,,,,,,,,,,,,,,,,,
100053523,183451,4,7,1,156018,GB,Dontwaste A Moment,2,9-5,59.4,,-,5838,Billy Loughnane,4164,I Furtado,,12.0,½,6.0,,,,,,,,,,,,,,,,,,,,,,,,,,,,,,,,,,,,,,,,,,,
100053524,183451,2,8,7,155235,GB,Hear The Drums,2,9-7,60.3,,-,3548,O J Orr,6,R A Fahey,,12.0,8,14.0,,,,,,,,,,,,,,,,,,,,,,,,,,,,,,,,,,,,,,,,,,,
100053525,183451,5,9,3,155237,GB,Howsham,2,9-5,59.4,,-,3952,Billy Garritty,4184,M & D Easterby,,41.0,2¼,16.25,,,,,,,,,,,,,,,,,,,,,,,,,,,,,,,,,,,,,,,,,,,
100053526,183452,1,1,8,151882,IRE,Chale Chalo,2,9-7,60.3,,-,5838,Billy Loughnane,2,Tom Dascombe,1st,1.73,,0.0,,,,,,,,,,,,,,,,,,,,,,,,,,,,,,,,,,,,,,,,,,,
100053527,183452,3,2,9,156025,IRE,One And Gone,2,9-7,60.3,,-,3348,C Lee,4166,B Brookhouse,,11.0,1¼,1.25,,,,,,,,,,,,,,,,,,,,,,,,,,,,,,,,,,,,,,,,,,,
100053528,183452,7,3,3,155478,IRE,Bearin Up,2,9-0,57.15,,-,1026,D Allan,470,T D Easterby,2nd,4.33,1,2.25,,,,,,,,,,,,,,,,,,,,,,,,,,,,,,,,,,,,,,,,,,,
100053529,183452,4,4,4,152420,GB,Call Me By My Name,2,9-5,59.4,v 1 ,69,1922,Jason Hart,3768,James Horton,,8.5,5½,7.75,,,,,,,,,,,,,,,,,,,,,,,,,,,,,,,,,,,,,,,,,,,
100053530,183452,9,5,7,155619,GB,Proud Mary,2,9-0,57.15,,-,4553,Sean Kirrane,470,T D Easterby,,13.0,½,8.25,,,,,,,,,,,,,,,,,,,,,,,,,,,,,,,,,,,,,,,,,,,
100053531,183452,8,6,2,155246,IRE,Marthas Shadow,2,9-0,57.15,,-,2892,Connor Beasley,18,A D Brown,,67.0,2½,10.75,,,,,,,,,,,,,,,,,,,,,,,,,,,,,,,,,,,,,,,,,,,
100053532,183452,6,7,1,155400,IRE,Havana Song,2,9-2,58.05,,-,3548,O J Orr,6,R A Fahey,,29.0,1¾,12.5,,,,,,,,,,,,,,,,,,,,,,,,,,,,,,,,,,,,,,,,,,,
100053533,183452,2,8,5,156022,IRE,Kody B,2,9-7,60.3,,-,4189,Harry Russell,3741,Craig Lidster,,15.0,6,18.5,,,,,,,,,,,,,,,,,,,,,,,,,,,,,,,,,,,,,,,,,,,
100053534,183452,5,9,6,154241,GB,Sugarloaf Lad,2,9-5,59.4,v 1 ,-,3952,Billy Garritty,4184,M & D Easterby,,67.0,25,43.5,,,,,,,,,,,,,,,,,,,,,,,,,,,,,,,,,,,,,,,,,,,
100053535,183453,7,1,3,145457,GB,Final Secret,3,9-0,57.15,,71,3348,C Lee,2238,J Tate,1st,2.38,,0.0,,,,,,,,,,,,,,,,,,,,,,,,,,,,,,,,,,,,,,,,,,,
100053536,183453,3,2,7,155626,IRE,Spanish Rising,3,9-7,60.3,,-,1922,Jason Hart,4166,B Brookhouse,2nd,2.5,1,1.0,,,,,,,,,,,,,,,,,,,,,,,,,,,,,,,,,,,,,,,,,,,
100053537,183453,5,3,1,153546,IRE,Memphis Rose,3,9-2,58.05,,-,5838,Billy Loughnane,4411,Michael Keady,,8.5,4¾,5.75,,,,,,,,,,,,,,,,,,,,,,,,,,,,,,,,,,,,,,,,,,,
100053538,183453,1,4,6,147523,GB,On To The Rouge,4,9-12,62.55,h 1 ,-,931,P Mulrennan,706,P D Niven,,7.0,3,8.75,,,,,,,,,,,,,,,,,,,,,,,,,,,,,,,,,,,,,,,,,,,
100053539,183453,2,5,2,134450,GB,Lady Buttercup,5,9-7,60.3,,-,122,D Nolan,43,D McCain Jnr,,34.0,1,9.75,,,,,,,,,,,,,,,,,,,,,,,,,,,,,,,,,,,,,,,,,,,
100053540,183453,6,6,4,156015,GB,Bridgefoot Rambler,3,9-0,57.15,,-,2892,Connor Beasley,990,Mrs A Duffield,,81.0,14,23.75,,,,,,,,,,,,,,,,,,,,,,,,,,,,,,,,,,,,,,,,,,,
100053541,183453,4,7,5,142587,GB,Lincoln Bliss,3,9-5,59.4,,-,4189,Harry Russell,4164,I Furtado,,201.0,24,47.75,,,,,,,,,,,,,,,,,,,,,,,,,,,,,,,,,,,,,,,,,,,
100053542,183454,3,1,5,152060,GB,Anaisa,2,9-0,57.15,,74,1026,D Allan,470,T D Easterby,,13.0,,0.0,,,,,,,,,,,,,,,,,,,,,,,,,,,,,,,,,,,,,,,,,,,
100053543,183454,4,2,6,152007,IRE,Awraad,2,9-0,57.15,,74,2892,Connor Beasley,4201,G Tutty,,17.0,½,0.5,,,,,,,,,,,,,,,,,,,,,,,,,,,,,,,,,,,,,,,,,,,
100053544,183454,5,3,1,153180,IRE,Lam Yai,2,9-0,57.15,,83,3348,C Lee,2632,K R Burke,,15.0,1½,2.0,,,,,,,,,,,,,,,,,,,,,,,,,,,,,,,,,,,,,,,,,,,
100053545,183454,2,4,7,153302,GB,Amorim,2,9-5,59.4,,89,5838,Billy Loughnane,4126,G Boughey,2nd,3.5,½,2.5,,,,,,,,,,,,,,,,,,,,,,,,,,,,,,,,,,,,,,,,,,,
100053546,183454,7,5,3,155134,GB,Temple Of Athena,2,9-0,57.15,,79,3971,Ben Robinson,1,B Ellison,,13.0,1¾,4.25,,,,,,,,,,,,,,,,,,,,,,,,,,,,,,,,,,,,,,,,,,,
100053547,183454,6,6,2,152027,GB,Saucy Jane,2,9-0,57.15,h,83,3661,Callum Rodriguez,4402,Jack Morland,,10.0,3¼,7.5,,,,,,,,,,,,,,,,,,,,,,,,,,,,,,,,,,,,,,,,,,,
100053548,183454,1,7,4,155334,IRE,Al Shaham,2,9-5,59.4,,91,5587,Harry Davies,2974,S & E Crisford,1st,2.2,1½,9.0,,,,,,,,,,,,,,,,,,,,,,,,,,,,,,,,,,,,,,,,,,,
100053549,183455,2,1,8,134408,FR,Silent Age,4,9-13,63.0,,89,5838,Billy Loughnane,45,Ian Williams,1st,3.75,,0.0,,,,,,,,,,,,,,,,,,,,,,,,,,,,,,,,,,,,,,,,,,,
100053550,183455,7,2,1,113673,IRE,Barley,6,9-6,59.85,p,82,4553,Sean Kirrane,470,T D Easterby,,6.0,nk,0.25,,,,,,,,,,,,,,,,,,,,,,,,,,,,,,,,,,,,,,,,,,,
100053551,183455,6,3,7,123449,IRE,Capital Guarantee,5,9-7,60.3,,83,794,D Tudhope,1642,D O'Meara,2nd,4.5,1,1.25,,,,,,,,,,,,,,,,,,,,,,,,,,,,,,,,,,,,,,,,,,,
100053552,183455,9,4,3,121965,GB,Leadenhall,5,9-4,58.95,,80,1922,Jason Hart,470,T D Easterby,,5.0,nk,1.5,,,,,,,,,,,,,,,,,,,,,,,,,,,,,,,,,,,,,,,,,,,
100053553,183455,8,5,5,75235,GB,Garden Oasis,10,9-5,59.4,p,81,1026,D Allan,470,T D Easterby,,13.0,1¾,3.25,,,,,,,,,,,,,,,,,,,,,,,,,,,,,,,,,,,,,,,,,,,
100053554,183455,3,6,6,108474,GB,Ey Up Its The Boss,6,9-12,62.55,p,88,122,D Nolan,4112,Tony Coyle & Kaine Wood,,10.0,2¾,6.0,,,,,,,,,,,,,,,,,,,,,,,,,,,,,,,,,,,,,,,,,,,
100053555,183455,5,7,2,134654,GB,Rogue Encore,4,9-9,61.2,p,85,5587,Harry Davies,355,P W Chapple-Hyam,,9.0,1½,7.5,,,,,,,,,,,,,,,,,,,,,,,,,,,,,,,,,,,,,,,,,,,
100053556,183456,1,1,8,121583,GB,Another Baar,5,10-0,63.5,  t b,74,5035,O McSweeney,4129,A Keatley,1st,4.5,,0.0,,,,,,,,,,,,,,,,,,,,,,,,,,,,,,,,,,,,,,,,,,,
100053557,183456,3,2,5,117583,GB,Betweenthesticks,5,9-12,62.55,p,69,5521,Kaiya Fraser,679,Mrs R Carr,,7.0,4¼,4.25,,,,,,,,,,,,,,,,,,,,,,,,,,,,,,,,,,,,,,,,,,,
100053558,183456,11,3,4,128350,GB,Canaria Queen,5,8-8,54.4,p,54,4423,Amie Waugh,470,T D Easterby,,11.0,½,4.75,,,,,,,,,,,,,,,,,,,,,,,,,,,,,,,,,,,,,,,,,,,
100053559,183456,2,4,3,128576,IRE,Knicks,4,10-0,63.5,,71,3952,Billy Garritty,4184,M & D Easterby,,8.0,½,5.25,,,,,,,,,,,,,,,,,,,,,,,,,,,,,,,,,,,,,,,,,,,
100053560,183456,8,5,7,152406,IRE,Tanjen,3,9-6,59.85,,65,1026,D Allan,470,T D Easterby,,19.0,½,5.75,,,,,,,,,,,,,,,,,,,,,,,,,,,,,,,,,,,,,,,,,,,
100053561,183456,12,6,6,110968,GB,Masterclass,6,8-8,54.4,b,54,5307,Aiden Brookes,23,P T Midgley,,13.0,nk,6.0,,,,,,,,,,,,,,,,,,,,,,,,,,,,,,,,,,,,,,,,,,,
100053562,183456,10,7,1,99327,IRE,Yazaman,7,9-2,58.05,b,59,5203,Mark Winn,23,P T Midgley,,23.0,½,6.5,,,,,,,,,,,,,,,,,,,,,,,,,,,,,,,,,,,,,,,,,,,
100053563,183456,5,8,11,117886,IRE,Profitable Edge,5,9-11,62.1,,68,3661,Callum Rodriguez,21,T D Barron,,6.5,¾,7.25,,,,,,,,,,,,,,,,,,,,,,,,,,,,,,,,,,,,,,,,,,,
100053564,183456,9,9,12,141377,GB,The Vital Spark,3,9-2,58.05,b,61,1802,S A Gray,28,K A Ryan,,29.0,1,8.25,,,,,,,,,,,,,,,,,,,,,,,,,,,,,,,,,,,,,,,,,,,
100053565,183456,4,10,9,128844,GB,Good Point,4,9-11,62.1,,68,4230,Harrison Shaw,9,B Smart,,15.0,½,8.75,,,,,,,,,,,,,,,,,,,,,,,,,,,,,,,,,,,,,,,,,,,
100053566,183456,6,11,2,121744,IRE,Our Absent Friends,7,9-10,61.65,t p,67,1922,Jason Hart,2122,T Davidson,2nd,5.0,1½,10.25,,,,,,,,,,,,,,,,,,,,,,,,,,,,,,,,,,,,,,,,,,,
100053567,183457,6,1,8,118115,GB,Tiberio Force,6,9-9,61.2,b,46,931,P Mulrennan,3667,Simon Whitaker,,6.5,,0.0,,,,,,,,,,,,,,,,,,,,,,,,,,,,,,,,,,,,,,,,,,,
100053568,183457,4,2,2,120849,IRE,Coloane,5,9-9,61.2,,50,5838,Billy Loughnane,4396,Roger Fell,2nd,4.0,nk,0.25,,,,,,,,,,,,,,,,,,,,,,,,,,,,,,,,,,,,,,,,,,,
100053569,183457,9,3,5,138035,IRE,Heartened,3,9-2,58.05,p,46,4189,Harry Russell,8,Ollie Pears,,21.0,1,1.25,,,,,,,,,,,,,,,,,,,,,,,,,,,,,,,,,,,,,,,,,,,
100053570,183457,5,4,1,129673,IRE,Sassy Glory,4,9-9,61.2,,49,1922,Jason Hart,4147,M Walford,1st,2.75,1¼,2.5,,,,,,,,,,,,,,,,,,,,,,,,,,,,,,,,,,,,,,,,,,,
100053571,183457,1,5,3,140956,IRE,Accwest,5,9-9,61.2,,44,4230,Harrison Shaw,3243,Adrian Nicholls,,21.0,6,8.5,,,,,,,,,,,,,,,,,,,,,,,,,,,,,,,,,,,,,,,,,,,
100053572,183457,2,6,6,92912,GB,Arranmore,8,9-6,59.85,t p,50,5307,Aiden Brookes,357,Micky Hammond,,8.5,4½,13.0,,,,,,,,,,,,,,,,,,,,,,,,,,,,,,,,,,,,,,,,,,,
100053573,183457,8,7,4,136952,GB,Bebside,3,9-2,58.05,b,50,1026,D Allan,470,T D Easterby,,10.0,4,17.0,,,,,,,,,,,,,,,,,,,,,,,,,,,,,,,,,,,,,,,,,,,
100053574,183457,7,8,10,132383,FR,Yellow Lemons,4,9-9,61.2,p 1 ,47,2892,Connor Beasley,4127,K Scott,,41.0,5½,22.5,,,,,,,,,,,,,,,,,,,,,,,,,,,,,,,,,,,,,,,,,,,
100053575,183457,10,9,9,141977,GB,Sweet Cicely,3,9-2,58.05,p,47,5203,Mark Winn,847,M E Sowersby,,34.0,3¾,26.25,,,,,,,,,,,,,,,,,,,,,,,,,,,,,,,,,,,,,,,,,,,
100053576,183457,3,10,7,129063,IRE,Bay Of Australia,4,9-9,61.2,b 1 ,50,18,J Fanning,4133,O Greenall & J Guerriero,,17.0,7,33.25,,,,,,,,,,,,,,,,,,,,,,,,,,,,,,,,,,,,,,,,,,,
100053577,183458,6,1,9,135418,GB,Spartan Times,4,10-12,68.9,,61,4760,Mr Jamie Neild,595,J Candlish,1st,3.5,,0.0,,,,,,,,,,,,,,,,,,,,,,,,,,,,,,,,,,,,,,,,,,,
100053578,183458,3,2,5,110013,IRE,Masekela,6,11-0,69.85,p,63,6189,Mrs Emily Roberts,470,T D Easterby,2nd,4.0,5½,5.5,,,,,,,,,,,,,,,,,,,,,,,,,,,,,,,,,,,,,,,,,,,
100053579,183458,1,3,2,100272,GB,Innse Gall,7,10-11,68.45,p 1 ,65,6141,Mr Shay Halton,4164,I Furtado,,9.0,1¼,6.75,,,,,,,,,,,,,,,,,,,,,,,,,,,,,,,,,,,,,,,,,,,
100053580,183458,4,4,6,111542,GB,Carnival Zain,8,10-13,69.35,t,62,2882,Miss Becky Smith,357,Micky Hammond,,6.5,6½,13.25,,,,,,,,,,,,,,,,,,,,,,,,,,,,,,,,,,,,,,,,,,,
100053581,183458,9,5,1,109280,GB,Sisterandbrother,7,10-7,66.65,,56,4856,Miss Megan Jordan,122,S A Harris,,15.0,1½,14.75,,,,,,,,,,,,,,,,,,,,,,,,,,,,,,,,,,,,,,,,,,,
100053582,183458,7,6,3,119819,FR,Blue Yonder,5,10-11,68.45,b,60,4462,Miss Brodie Hampson,4143,A Watson,,12.0,1¼,16.0,,,,,,,,,,,,,,,,,,,,,,,,,,,,,,,,,,,,,,,,,,,
100053583,183458,10,7,8,131747,IRE,Victoria Legend,4,9-4,58.95,(oh1) p,46,6937,Mrs Camilla Parsonage,351,J S Wainwright,,201.0,47,63.0,,,,,,,,,,,,,,,,,,,,,,,,,,,,,,,,,,,,,,,,,,,
100053584,183458,8,8,10,127929,IRE,Leading Lion,5,10-3,64.85,t b 1 ,57,5404,Mr J Stevenson,3057,Tracey Leeson,,151.0,12,75.0,,,,,,,,,,,,,,,,,,,,,,,,,,,,,,,,,,,,,,,,,,,
100053585,183458,5,F,4,121072,IRE,Star Start,5,10-7,66.65,p,61,6713,Miss C Parker,679,Mrs R Carr,,4.5,,,,,,,,,,,,,,,,,,,,,,,,,,,,,,,,,,,,,,,,,,,,,
100053586,183459,4,1,2,155753,IRE,Ophelia Grace,2,9-2,58.05,,-,4468,D Egan,4155,K P De Foy,1st,1.36,,0.0,,,,,,,,,,,,,,,,,,,,,,,,,,,,,,,,,,,,,,,,,,,
100053587,183459,8,2,6,156026,GB,Slot,2,9-2,58.05,,-,3035,Cam Hardie,4123,A Brittain,,67.0,5,5.0,,,,,,,,,,,,,,,,,,,,,,,,,,,,,,,,,,,,,,,,,,,
100053588,183459,3,3,9,156023,IRE,Lelosaja,2,9-2,58.05,,-,2603,Daniel Muscutt,4260,C Fellowes,,12.0,¾,5.75,,,,,,,,,,,,,,,,,,,,,,,,,,,,,,,,,,,,,,,,,,,
100053589,183459,9,4,1,155052,IRE,Steelblue Ladybird,2,9-2,58.05,,-,3755,George Wood,162,B R Millman,,8.0,2½,8.25,,,,,,,,,,,,,,,,,,,,,,,,,,,,,,,,,,,,,,,,,,,
100053590,183459,2,5,4,155279,GB,Lady Lysandra,2,9-2,58.05,,-,1013,P J McDonald,287,D Donovan,,67.0,nse,8.5,,,,,,,,,,,,,,,,,,,,,,,,,,,,,,,,,,,,,,,,,,,
100053591,183459,7,6,5,155289,GB,Showcasis Oasis,2,9-2,58.05,t,-,4777,Cieren Fallon,3834,James Owen,2nd,6.5,nk,8.75,,,,,,,,,,,,,,,,,,,,,,,,,,,,,,,,,,,,,,,,,,,
100053592,183459,1,7,7,156017,IRE,Caraluna,2,9-2,58.05,,-,4705,Marco Ghiani,282,S C Williams,,19.0,1¼,10.0,,,,,,,,,,,,,,,,,,,,,,,,,,,,,,,,,,,,,,,,,,,
100053593,183459,6,8,3,155389,GB,Rohini,2,9-2,58.05,,-,22,L Morris,12,R M H Cowell,,29.0,5½,15.5,,,,,,,,,,,,,,,,,,,,,,,,,,,,,,,,,,,,,,,,,,,
100053594,183460,10,1,5,141749,GB,Double Meaning,3,9-0,57.15,,63,4705,Marco Ghiani,373,John Berry,2nd,4.0,,0.0,,,,,,,,,,,,,,,,,,,,,,,,,,,,,,,,,,,,,,,,,,,
100053595,183460,5,2,2,138400,GB,Action Pact,4,9-11,62.1,,65,3030,Joanna Mason,4184,M & D Easterby,,10.0,10,10.0,,,,,,,,,,,,,,,,,,,,,,,,,,,,,,,,,,,,,,,,,,,
100053596,183460,11,3,8,145903,GB,Captain Robert,3,8-13,56.65,,62,3755,George Wood,361,J R Fanshawe,,9.0,4,14.0,,,,,,,,,,,,,,,,,,,,,,,,,,,,,,,,,,,,,,,,,,,
100053597,183460,3,4,4,114890,IRE,Swinging London,7,10-0,63.5,t p,68,1013,P J McDonald,335,J Mackie,,12.0,½,14.5,,,,,,,,,,,,,,,,,,,,,,,,,,,,,,,,,,,,,,,,,,,
100053598,183460,6,5,7,152776,GB,Louies Folly,3,9-6,59.85,,69,221,J Mitchell,3768,James Horton,,17.0,7½,22.0,,,,,,,,,,,,,,,,,,,,,,,,,,,,,,,,,,,,,,,,,,,
100053599,183460,8,6,1,142428,IRE,New York Minute,3,9-5,59.4,b 1 ,68,7004,H Crouch,152,R M Beckett,1st,3.5,10,32.0,,,,,,,,,,,,,,,,,,,,,,,,,,,,,,,,,,,,,,,,,,,
100053600,183460,9,7,3,152545,GB,Creating Mischief,3,9-1,57.6,,64,17,A Mullen,707,Jedd O'Keeffe,,34.0,1¾,33.75,,,,,,,,,,,,,,,,,,,,,,,,,,,,,,,,,,,,,,,,,,,
100053601,183460,4,8,12,37056,IRE,Damascus Steel,5,10-0,63.5,v,68,4777,Cieren Fallon,295,E A L Dunlop,,7.5,23,56.75,,,,,,,,,,,,,,,,,,,,,,,,,,,,,,,,,,,,,,,,,,,
100053602,183460,12,9,11,144337,IRE,Ridgemaster,3,8-7,53.95,v,56,5548,Joe Leavy,4161,H Palmer,,13.0,33,89.75,,,,,,,,,,,,,,,,,,,,,,,,,,,,,,,,,,,,,,,,,,,
100053603,183460,1,10,10,132801,GB,Belcamo,4,10-2,64.4,p 1 ,70,22,L Morris,56,A M Hales,,41.0,15,104.75,,,,,,,,,,,,,,,,,,,,,,,,,,,,,,,,,,,,,,,,,,,
100053604,183460,7,11,9,153128,GB,Me And Bobby Mcgee,3,9-6,59.85,,69,2603,Daniel Muscutt,4122,C Johnston,,15.0,23,127.75,,,,,,,,,,,,,,,,,,,,,,,,,,,,,,,,,,,,,,,,,,,
100053605,183460,2,12,6,137678,GB,Ajdayet,4,10-1,63.95,,69,1509,J P Sullivan,679,Mrs R Carr,,81.0,14,141.75,,,,,,,,,,,,,,,,,,,,,,,,,,,,,,,,,,,,,,,,,,,
100053606,183461,5,1,11,131154,IRE,Volto Di Medusa,4,9-12,62.55,p,63,5966,Dylan Hogan,3791,Jack Jones,,11.0,,0.0,,,,,,,,,,,,,,,,,,,,,,,,,,,,,,,,,,,,,,,,,,,
100053607,183461,10,2,13,138613,FR,Tiempo Alegre,3,9-7,60.3,,64,7004,H Crouch,3791,Jack Jones,1st,4.5,½,0.5,,,,,,,,,,,,,,,,,,,,,,,,,,,,,,,,,,,,,,,,,,,
100053608,183461,9,3,3,113914,IRE,Francesi,6,9-8,60.75,,59,7019,Suraj Narredu,3638,S P C Woods,,15.0,1,1.5,,,,,,,,,,,,,,,,,,,,,,,,,,,,,,,,,,,,,,,,,,,
100053609,183461,11,4,14,127366,IRE,Woodleigh,4,9-6,59.85,b 1 ,57,3030,Joanna Mason,4396,Roger Fell,,9.0,1¼,2.75,,,,,,,,,,,,,,,,,,,,,,,,,,,,,,,,,,,,,,,,,,,
100053610,183461,12,5,7,126192,IRE,Eden Storm,5,9-5,59.4,,56,2799,Paddy Bradley,260,P Morris,,15.0,hd,3.0,,,,,,,,,,,,,,,,,,,,,,,,,,,,,,,,,,,,,,,,,,,
100053611,183461,1,6,8,105993,IRE,Mercurius Power,7,10-0,63.5,t p,65,3755,George Wood,3545,Jessica Macey,,12.0,1¾,4.75,,,,,,,,,,,,,,,,,,,,,,,,,,,,,,,,,,,,,,,,,,,
100053612,183461,6,7,12,119656,GB,Barleybrown,5,9-12,62.55,p,63,1509,J P Sullivan,679,Mrs R Carr,,17.0,hd,5.0,,,,,,,,,,,,,,,,,,,,,,,,,,,,,,,,,,,,,,,,,,,
100053613,183461,13,8,2,112243,IRE,Jack Daniel,7,9-5,59.4,,56,254,D C Costello,2660,Steph Hollinshead,,10.0,hd,5.25,,,,,,,,,,,,,,,,,,,,,,,,,,,,,,,,,,,,,,,,,,,
100053614,183461,3,9,5,136223,GB,Rapido Girl,4,10-0,63.5,t,65,9,T Eaves,4164,I Furtado,,29.0,nk,5.5,,,,,,,,,,,,,,,,,,,,,,,,,,,,,,,,,,,,,,,,,,,
100053615,183461,2,10,9,145847,GB,Without Compromise,4,10-0,63.5,,65,3035,Cam Hardie,4123,A Brittain,,7.5,nk,5.75,,,,,,,,,,,,,,,,,,,,,,,,,,,,,,,,,,,,,,,,,,,
100053616,183461,7,11,6,126118,GB,Eva Rosie,5,9-7,60.3,p,61,4356,Zak Wheatley,4125,Mrs Stella Barclay,,13.0,1¼,7.0,,,,,,,,,,,,,,,,,,,,,,,,,,,,,,,,,,,,,,,,,,,
100053617,183461,14,12,4,145484,IRE,Ventura Dream,3,9-4,58.95,p,61,22,L Morris,4143,A Watson,2nd,5.5,7,14.0,,,,,,,,,,,,,,,,,,,,,,,,,,,,,,,,,,,,,,,,,,,
100053618,183461,8,13,1,146128,GB,Tresca,4,9-8,60.75,,59,4077,Georgia Dobie,4309,Edward Smyth-osbourne,,26.0,20,34.0,,,,,,,,,,,,,,,,,,,,,,,,,,,,,,,,,,,,,,,,,,,
100053619,183462,2,1,8,145127,IRE,Breakdancer,3,9-9,61.2,h,75,221,J Mitchell,2974,S & E Crisford,1st,3.0,,0.0,,,,,,,,,,,,,,,,,,,,,,,,,,,,,,,,,,,,,,,,,,,
100053620,183462,8,2,2,144875,IRE,Flightofthephoenix,3,9-5,59.4,,71,2420,T E Whelan,2210,C Hills,,9.5,1¾,1.75,,,,,,,,,,,,,,,,,,,,,,,,,,,,,,,,,,,,,,,,,,,
100053621,183462,9,3,6,138508,IRE,Barrys Boy,3,9-3,58.5,,69,4468,D Egan,975,D J Coakley,2nd,5.5,¾,2.5,,,,,,,,,,,,,,,,,,,,,,,,,,,,,,,,,,,,,,,,,,,
100053622,183462,3,4,9,138227,GB,Chesneys Charm,3,9-9,61.2,b,75,4559,Oliver Stammers,3071,Grant Tuer,,7.5,1,3.5,,,,,,,,,,,,,,,,,,,,,,,,,,,,,,,,,,,,,,,,,,,
100053623,183462,10,5,4,144751,GB,Looks Fantastic,3,9-2,58.05,,68,3252,Alistair Rawlinson,1668,M Appleby,,8.0,1¼,4.75,,,,,,,,,,,,,,,,,,,,,,,,,,,,,,,,,,,,,,,,,,,
100053624,183462,5,6,7,141587,IRE,Mahogany Bay,3,9-7,60.3,,73,5548,Joe Leavy,743,B J Meehan,,6.5,5,9.75,,,,,,,,,,,,,,,,,,,,,,,,,,,,,,,,,,,,,,,,,,,
100053625,183462,6,7,11,141950,GB,Beltadaay,3,9-6,59.85,,72,1013,P J McDonald,3768,James Horton,,29.0,6,15.75,,,,,,,,,,,,,,,,,,,,,,,,,,,,,,,,,,,,,,,,,,,
100053626,183462,4,8,10,145407,GB,Blue Eclipse,3,9-8,60.75,,74,1067,K T O'Neill,3582,Alice Haynes,,29.0,2,17.75,,,,,,,,,,,,,,,,,,,,,,,,,,,,,,,,,,,,,,,,,,,
100053627,183462,7,9,5,146147,GB,Kameel,3,9-6,59.85,p 1 ,72,3755,George Wood,3545,Jessica Macey,,17.0,shd,18.0,,,,,,,,,,,,,,,,,,,,,,,,,,,,,,,,,,,,,,,,,,,
100053628,183462,1,10,3,156027,IRE,Stitching Wheel,3,9-9,61.2,,75,9,T Eaves,343,C Grant,,101.0,20,38.0,,,,,,,,,,,,,,,,,,,,,,,,,,,,,,,,,,,,,,,,,,,
100053629,183462,11,11,1,145518,GB,Thunder Earthlight,3,9-0,57.15,v 1 ,66,3860,Pierre-Louis Jamin,2632,K R Burke,,41.0,3¼,41.25,,,,,,,,,,,,,,,,,,,,,,,,,,,,,,,,,,,,,,,,,,,
100053630,183463,3,1,2,137829,IRE,Dapper Guest,3,9-8,60.75,v 1 ,74,1130,J F Egan,131,G G Margarson,2nd,4.0,,0.0,,,,,,,,,,,,,,,,,,,,,,,,,,,,,,,,,,,,,,,,,,,
100053631,183463,1,2,5,141465,IRE,Sheikh Raj,3,9-9,61.2,,75,7004,H Crouch,4207,R Hughes,1st,3.75,3½,3.5,,,,,,,,,,,,,,,,,,,,,,,,,,,,,,,,,,,,,,,,,,,
100053632,183463,7,3,8,142603,GB,Tattie Bogle,3,9-4,58.95,,70,2603,Daniel Muscutt,4122,C Johnston,,7.0,2½,6.0,,,,,,,,,,,,,,,,,,,,,,,,,,,,,,,,,,,,,,,,,,,
100053633,183463,8,4,10,147399,GB,The Sweet Escape,3,9-0,57.15,,69,5660,Connor Planas,4208,D Loughnane,,17.0,1½,7.5,,,,,,,,,,,,,,,,,,,,,,,,,,,,,,,,,,,,,,,,,,,
100053634,183463,10,5,3,140981,IRE,Sherlock,3,8-10,55.3,b,62,9,T Eaves,28,K A Ryan,,17.0,3,10.5,,,,,,,,,,,,,,,,,,,,,,,,,,,,,,,,,,,,,,,,,,,
100053635,183463,4,6,1,145515,GB,Singoura,3,9-7,60.3,,73,3030,Joanna Mason,4201,G Tutty,,8.0,¾,11.25,,,,,,,,,,,,,,,,,,,,,,,,,,,,,,,,,,,,,,,,,,,
100053636,183463,9,7,7,136356,GB,Stirrup Cup,3,8-13,56.65,t 1  b,65,896,D Fentiman,470,T D Easterby,,29.0,1¼,12.5,,,,,,,,,,,,,,,,,,,,,,,,,,,,,,,,,,,,,,,,,,,
100053637,183463,2,8,6,144451,GB,My Mate Kev,3,9-1,57.6,,74,6643,Fred Daly,292,C A Dwyer,,9.5,4,16.5,,,,,,,,,,,,,,,,,,,,,,,,,,,,,,,,,,,,,,,,,,,
100053638,183463,6,9,9,145269,GB,Antalya,3,9-2,58.05,,73,6871,Jack Nicholls,3791,Jack Jones,,34.0,2½,19.0,,,,,,,,,,,,,,,,,,,,,,,,,,,,,,,,,,,,,,,,,,,
100053639,183463,5,10,4,151000,IRE,Sunshine Mag,3,9-7,60.3,,73,4468,D Egan,274,Jane Chapple-Hyam,,10.0,1¾,20.75,,,,,,,,,,,,,,,,,,,,,,,,,,,,,,,,,,,,,,,,,,,
100053640,183464,3,1,2,138286,IRE,Stenmark,3,9-8,60.75,,74,5966,Dylan Hogan,1202,D P Quinn,,23.0,,0.0,,,,,,,,,,,,,,,,,,,,,,,,,,,,,,,,,,,,,,,,,,,
100053641,183464,2,2,3,142269,GB,Dannick,3,9-8,60.75,,74,2799,Paddy Bradley,4347,G & J Moore,1st,3.0,1½,1.5,,,,,,,,,,,,,,,,,,,,,,,,,,,,,,,,,,,,,,,,,,,
100053642,183464,8,3,9,142409,GB,Opening Bat,3,9-2,58.05,,68,2420,T E Whelan,4104,Harry Charlton,2nd,4.5,hd,1.75,,,,,,,,,,,,,,,,,,,,,,,,,,,,,,,,,,,,,,,,,,,
100053643,183464,4,4,1,151282,IRE,Arboreous,3,9-7,60.3,p,73,22,L Morris,4143,A Watson,,26.0,5½,7.25,,,,,,,,,,,,,,,,,,,,,,,,,,,,,,,,,,,,,,,,,,,
100053644,183464,7,5,4,142499,GB,Mu Mu Land,3,9-4,58.95,p,70,5205,Ryan Sexton,744,Miss J A Camacho,,23.0,hd,7.5,,,,,,,,,,,,,,,,,,,,,,,,,,,,,,,,,,,,,,,,,,,
100053645,183464,6,6,8,139529,IRE,Silver Arrow,3,9-5,59.4,t b,71,3755,George Wood,4428,Lemos Souza,,21.0,hd,7.75,,,,,,,,,,,,,,,,,,,,,,,,,,,,,,,,,,,,,,,,,,,
100053646,183464,5,7,6,141422,IRE,Nahash,3,9-7,60.3,v,73,221,J Mitchell,3768,James Horton,1st,3.0,hd,8.0,,,,,,,,,,,,,,,,,,,,,,,,,,,,,,,,,,,,,,,,,,,
100053647,183464,1,8,5,136132,IRE,Zabeel Road,3,9-9,61.2,,75,4510,William Carver,262,J A Osborne,,9.0,2,10.0,,,,,,,,,,,,,,,,,,,,,,,,,,,,,,,,,,,,,,,,,,,
100053648,183464,9,9,7,142525,IRE,Invitorio,3,8-11,55.75,,63,1509,J P Sullivan,679,Mrs R Carr,,41.0,2½,12.5,,,,,,,,,,,,,,,,,,,,,,,,,,,,,,,,,,,,,,,,,,,
100053649,183465,9,1,5,146622,GB,Vinatera,4,9-5,59.4,h,66,4705,Marco Ghiani,282,S C Williams,,6.5,,0.0,,,,,,,,,,,,,,,,,,,,,,,,,,,,,,,,,,,,,,,,,,,
100053650,183465,13,2,3,121179,GER,Belsito,5,9-0,57.15,p,61,9,T Eaves,28,K A Ryan,,12.0,shd,0.25,,,,,,,,,,,,,,,,,,,,,,,,,,,,,,,,,,,,,,,,,,,
100053651,183465,2,3,7,123072,IRE,Beelzebub,5,9-8,60.75,t p,69,4468,D Egan,2301,D & C Kubler,2nd,5.0,1¼,1.5,,,,,,,,,,,,,,,,,,,,,,,,,,,,,,,,,,,,,,,,,,,
100053652,183465,10,4,10,109293,GB,Mattice,6,8-11,55.75,p,65,6647,Shay Farmer,120,I W McInnes,,15.0,1¼,2.75,,,,,,,,,,,,,,,,,,,,,,,,,,,,,,,,,,,,,,,,,,,
100053653,183465,5,5,1,129395,IRE,Willolarupi,4,9-5,59.4,t 1 ,69,4356,Zak Wheatley,148,D Carroll,1st,4.5,1½,4.25,,,,,,,,,,,,,,,,,,,,,,,,,,,,,,,,,,,,,,,,,,,
100053654,183465,11,6,8,136139,GB,Cash In,4,9-4,58.95,,65,896,D Fentiman,470,T D Easterby,,15.0,hd,4.5,,,,,,,,,,,,,,,,,,,,,,,,,,,,,,,,,,,,,,,,,,,
100053655,183465,14,7,11,98951,IRE,Bomb Squad,7,8-12,56.2,p,59,4777,Cieren Fallon,335,J Mackie,,23.0,1½,6.0,,,,,,,,,,,,,,,,,,,,,,,,,,,,,,,,,,,,,,,,,,,
100053656,183465,3,8,12,129029,IRE,Blue Force,4,9-8,60.75,,69,3035,Cam Hardie,4123,A Brittain,,21.0,½,6.5,,,,,,,,,,,,,,,,,,,,,,,,,,,,,,,,,,,,,,,,,,,
100053657,183465,1,9,6,102077,IRE,Rough Diamond,8,9-9,61.2,t h,70,2420,T E Whelan,4159,D M Loughnane,,19.0,nk,6.75,,,,,,,,,,,,,,,,,,,,,,,,,,,,,,,,,,,,,,,,,,,
100053658,183465,7,10,13,101460,GB,Royal Musketeer,7,9-6,59.85,p,67,254,D C Costello,2660,Steph Hollinshead,,17.0,nk,7.0,,,,,,,,,,,,,,,,,,,,,,,,,,,,,,,,,,,,,,,,,,,
100053659,183465,6,11,4,118121,IRE,Daytona Lady,5,9-7,60.3,p,68,1509,J P Sullivan,679,Mrs R Carr,,6.0,nk,7.25,,,,,,,,,,,,,,,,,,,,,,,,,,,,,,,,,,,,,,,,,,,
100053660,183465,4,12,2,130981,IRE,Manhattan Mirage,4,9-8,60.75,h,69,5548,Joe Leavy,4151,A Wintle,,19.0,2¾,10.0,,,,,,,,,,,,,,,,,,,,,,,,,,,,,,,,,,,,,,,,,,,
100053661,183465,12,13,9,132272,IRE,The Cutest,4,9-1,57.6,h,62,3030,Joanna Mason,109,D Shaw,,101.0,6,16.0,,,,,,,,,,,,,,,,,,,,,,,,,,,,,,,,,,,,,,,,,,,
100053662,183465,8,14,14,128618,IRE,Mini Magna,4,9-0,57.15,,66,5117,Alex Jary,4123,A Brittain,,41.0,6,22.0,,,,,,,,,,,,,,,,,,,,,,,,,,,,,,,,,,,,,,,,,,,
100053663,183466,10,1,10,146919,GB,Up The Monk,3,9-4,58.95,,55,3252,Alistair Rawlinson,1668,M Appleby,,7.0,,0.0,,,,,,,,,,,,,,,,,,,,,,,,,,,,,,,,,,,,,,,,,,,
100053664,183466,8,2,4,141432,GB,Top Biller,3,9-5,59.4,t b,56,5966,Dylan Hogan,4420,Julia & Shelley Birkett,,10.0,hd,0.25,,,,,,,,,,,,,,,,,,,,,,,,,,,,,,,,,,,,,,,,,,,
100053665,183466,13,2,2,138243,GB,Mission In Malton,3,8-9,54.85,(oh1) b,46,1509,J P Sullivan,470,T D Easterby,,11.0,dh,1.25,,,,,,,,,,,,,,,,,,,,,,,,,,,,,,,,,,,,,,,,,,,
100053666,183466,4,4,8,142203,GB,Laurens Dream,3,9-8,60.75,,59,3030,Joanna Mason,4184,M & D Easterby,,7.0,1½,2.75,,,,,,,,,,,,,,,,,,,,,,,,,,,,,,,,,,,,,,,,,,,
100053667,183466,3,5,5,146734,IRE,Wild Embers,3,9-8,60.75,,59,2603,Daniel Muscutt,287,D Donovan,1st,4.6,hd,3.0,,,,,,,,,,,,,,,,,,,,,,,,,,,,,,,,,,,,,,,,,,,
100053668,183466,11,6,1,136986,IRE,Toota,3,9-4,58.95,b 1 ,55,896,D Fentiman,470,T D Easterby,2nd,5.0,½,3.5,,,,,,,,,,,,,,,,,,,,,,,,,,,,,,,,,,,,,,,,,,,
100053669,183466,12,7,9,142636,IRE,Fair Call,3,9-2,58.05,,53,5205,Ryan Sexton,744,Miss J A Camacho,,23.0,3¼,6.75,,,,,,,,,,,,,,,,,,,,,,,,,,,,,,,,,,,,,,,,,,,
100053670,183466,7,8,6,137152,IRE,Blue Empress,3,9-7,60.3,b,58,22,L Morris,4143,A Watson,,6.0,½,7.25,,,,,,,,,,,,,,,,,,,,,,,,,,,,,,,,,,,,,,,,,,,
100053671,183466,1,9,7,141685,GB,Gesundheit,3,9-9,61.2,t 1 ,60,3035,Cam Hardie,349,N Wilson,,15.0,½,7.75,,,,,,,,,,,,,,,,,,,,,,,,,,,,,,,,,,,,,,,,,,,
100053672,183466,2,10,11,141512,IRE,Bueno Nacho,3,9-5,59.4,,59,4356,Zak Wheatley,846,L A Mullaney,,41.0,1,8.75,,,,,,,,,,,,,,,,,,,,,,,,,,,,,,,,,,,,,,,,,,,
100053673,183467,1,1,,140881,IRE,Dignam,3,11-10,74.35,,-,2645,J J Slevin,4174,J P O'Brien,1st,1.3,,0.0,,,,,,,,,,,,,,,,,,,,,,,,,,,,,,,,,,,,,,,,,,,
100053674,183467,7,2,,142297,FR,Zaraquelle,3,10-5,65.75,t,-,3430,S Bowen,3834,James Owen,2nd,6.0,7,7.0,,,,,,,,,,,,,,,,,,,,,,,,,,,,,,,,,,,,,,,,,,,
100053675,183467,3,3,,136823,IRE,Green Asset,3,10-12,68.9,,-,4367,James Bowen,2686,Mickey Bowen,,15.0,10,17.0,,,,,,,,,,,,,,,,,,,,,,,,,,,,,,,,,,,,,,,,,,,
100053676,183467,4,4,,144187,IRE,Junkyard Dog,3,10-12,68.9,p,-,755,B S Hughes,948,I Jardine,,11.0,17,34.0,,,,,,,,,,,,,,,,,,,,,,,,,,,,,,,,,,,,,,,,,,,
100053677,183467,6,5,,141743,GB,Big Gypsy King,3,10-5,65.75,h,-,4110,Charlotte Jones,718,James Moffatt,,29.0,5½,39.5,,,,,,,,,,,,,,,,,,,,,,,,,,,,,,,,,,,,,,,,,,,
100053678,183467,2,PU,,136740,IRE,Black Sky,3,10-11,68.45,  t 1 ,-,4480,Tom Midgley,4184,M & D Easterby,,126.0,,,,,,,,,,,,,,,,,,,,,,,,,,,,,,,,,,,,,,,,,,,,,
100053679,183467,5,PU,,138964,IRE,Urban Sky,3,10-12,68.9,h 1 ,-,465,Jonathan England,3140,S England,,67.0,,,,,,,,,,,,,,,,,,,,,,,,,,,,,,,,,,,,,,,,,,,,,
100053680,183468,3,1,,98519,IRE,Do No Wrong,9,11-7,73.0,,108,755,B S Hughes,3034,Justin Landy,1st,3.25,,0.0,,,,,,,,,,,,,,,,,,,,,,,,,,,,,,,,,,,,,,,,,,,
100053681,183468,4,2,,103974,IRE,City Derby,9,11-5,72.1,p,106,737,Sean Quinlan,3828,Lizzie Quinlan,,13.0,½,0.5,,,,,,,,,,,,,,,,,,,,,,,,,,,,,,,,,,,,,,,,,,,
100053682,183468,6,3,,121116,IRE,Star Legend,6,10-13,69.35,v,103,6956,Nathan Howie,3834,James Owen,,6.5,½,1.0,,,,,,,,,,,,,,,,,,,,,,,,,,,,,,,,,,,,,,,,,,,
100053683,183468,7,4,,90808,IRE,Secret Secret,9,11-1,70.3,t h,102,4110,Charlotte Jones,718,James Moffatt,2nd,5.5,nk,1.25,,,,,,,,,,,,,,,,,,,,,,,,,,,,,,,,,,,,,,,,,,,
100053684,183468,1,5,,115942,GER,Whizz Kid,9,11-11,74.8,t p,117,4804,Luke Scott,4202,Dr R Newland & J Insole,,9.0,9½,10.75,,,,,,,,,,,,,,,,,,,,,,,,,,,,,,,,,,,,,,,,,,,
100053685,183468,5,6,,110680,IRE,Evenwood Sonofagun,7,11-5,72.1,t p,106,4674,Peter Kavanagh,3828,Lizzie Quinlan,,17.0,16,26.75,,,,,,,,,,,,,,,,,,,,,,,,,,,,,,,,,,,,,,,,,,,
100053686,183468,11,7,,138612,IRE,Sky Luna,8,10-2,64.4,(oh3) t p,89,4590,Danny McMenamin,718,James Moffatt,,7.0,23,49.75,,,,,,,,,,,,,,,,,,,,,,,,,,,,,,,,,,,,,,,,,,,
100053687,183468,2,F,,126247,IRE,Harper Valley,8,12-0,76.2,t p,115,504,Nathan Moscrop,4121,R Menzies,,13.0,,,,,,,,,,,,,,,,,,,,,,,,,,,,,,,,,,,,,,,,,,,,,
100053688,183468,8,PU,,117059,IRE,Our Laura B,7,11-0,69.85,,101,278,R P McLernon,4206,B Haslam,,15.0,,,,,,,,,,,,,,,,,,,,,,,,,,,,,,,,,,,,,,,,,,,,,
100053689,183469,5,1,,127898,IRE,Imperial Data,8,10-13,69.35,t p,124,278,R P McLernon,4121,R Menzies,1st,4.0,,0.0,,,,,,,,,,,,,,,,,,,,,,,,,,,,,,,,,,,,,,,,,,,
100053690,183469,7,2,,102041,IRE,Pounding Poet,9,10-11,68.45,t v,122,3306,Stan Sheppard,2492,T Lacey,,5.0,hd,0.25,,,,,,,,,,,,,,,,,,,,,,,,,,,,,,,,,,,,,,,,,,,
100053691,183469,4,3,,116383,IRE,Saint Bibiana,8,10-7,66.65,t p,125,5640,Miss Olive Nicholls,4158,G Nicholls,2nd,4.5,4½,4.75,,,,,,,,,,,,,,,,,,,,,,,,,,,,,,,,,,,,,,,,,,,
100053692,183469,6,4,,135117,IRE,Caughtinyourtrance,6,10-11,68.45,t p,122,755,B S Hughes,718,James Moffatt,1st,4.0,6½,11.25,,,,,,,,,,,,,,,,,,,,,,,,,,,,,,,,,,,,,,,,,,,
100053693,183469,8,5,,103855,GB,Kiss My Face,8,9-11,62.1,(oh7) v,113,6336,James Turner,2277,A Ralph,,29.0,10,21.25,,,,,,,,,,,,,,,,,,,,,,,,,,,,,,,,,,,,,,,,,,,
100053694,183469,2,6,,77015,IRE,The Jam Man,12,11-7,73.0,,132,878,Benjamin Poste,2399,R Potter,,67.0,77,98.25,,,,,,,,,,,,,,,,,,,,,,,,,,,,,,,,,,,,,,,,,,,
100053695,183469,3,F,,91795,IRE,Wbee,10,10-10,68.0,p,126,3942,Alan Doyle,4148,G Hanmer,,10.0,,,,,,,,,,,,,,,,,,,,,,,,,,,,,,,,,,,,,,,,,,,,,
100053696,183469,9,PU,,112053,GB,Our Sam,9,9-6,59.85,(oh10) t p,113,5733,Leah Noreci,718,James Moffatt,,10.0,,,,,,,,,,,,,,,,,,,,,,,,,,,,,,,,,,,,,,,,,,,,,
100053697,183470,7,1,,129048,IRE,Olivers Travels,7,11-2,70.75,b,124,3430,S Bowen,2686,Mickey Bowen,1st,3.25,,0.0,,,,,,,,,,,,,,,,,,,,,,,,,,,,,,,,,,,,,,,,,,,
100053698,183470,8,2,,102512,IRE,Lord Accord,10,11-1,70.3,t p,123,342,C O'Farrell,312,N P Mulholland,,11.0,6,6.0,,,,,,,,,,,,,,,,,,,,,,,,,,,,,,,,,,,,,,,,,,,
100053699,183470,10,3,,124789,IRE,Shadows In The Sky,9,10-4,65.3,p,112,1249,G Sheehan,3834,James Owen,2nd,5.5,5½,11.5,,,,,,,,,,,,,,,,,,,,,,,,,,,,,,,,,,,,,,,,,,,
100053700,183470,1,4,,135408,GB,Charlie Uberalles,9,12-0,76.2,,136,887,Henry Brooke,468,Mrs Dianne Sayer,,9.0,2½,14.0,,,,,,,,,,,,,,,,,,,,,,,,,,,,,,,,,,,,,,,,,,,
100053701,183470,5,5,,80587,IRE,Ilikedwayurthinkin,11,11-7,73.0,p,129,278,R P McLernon,4206,B Haslam,,9.0,4,18.0,,,,,,,,,,,,,,,,,,,,,,,,,,,,,,,,,,,,,,,,,,,
100053702,183470,9,6,,88244,IRE,Equus Dancer,11,10-4,65.3,p,117,5345,Shane Fenelon,2686,Mickey Bowen,,23.0,17,35.0,,,,,,,,,,,,,,,,,,,,,,,,,,,,,,,,,,,,,,,,,,,
100053703,183470,6,7,,107669,IRE,Stans The Man,8,11-4,71.65,t b,126,4479,Ben Godfrey,3292,Ella Pickard,,11.0,10,45.0,,,,,,,,,,,,,,,,,,,,,,,,,,,,,,,,,,,,,,,,,,,
100053704,183470,3,PU,,106640,IRE,Will Carver,10,11-12,75.25,t p 1 ,134,4367,James Bowen,37,N J Henderson,,10.0,,,,,,,,,,,,,,,,,,,,,,,,,,,,,,,,,,,,,,,,,,,,,
100053705,183470,4,PU,,114924,IRE,Sea The Clouds,8,11-7,73.0,t p,129,755,B S Hughes,718,James Moffatt,,7.5,,,,,,,,,,,,,,,,,,,,,,,,,,,,,,,,,,,,,,,,,,,,,
100053706,183471,1,1,,103368,IRE,Champagne Gold,10,11-11,74.8,p,127,6471,Alice Stevens,4133,O Greenall & J Guerriero,,34.0,,0.0,,,,,,,,,,,,,,,,,,,,,,,,,,,,,,,,,,,,,,,,,,,
100053707,183471,4,2,,116356,FR,Ile De Jersey,7,11-13,75.7,,124,4367,James Bowen,37,N J Henderson,,6.5,nk,0.25,,,,,,,,,,,,,,,,,,,,,,,,,,,,,,,,,,,,,,,,,,,
100053708,183471,9,3,,124050,IRE,Nickelforce,6,11-0,69.85,,111,2480,J M Quinlan,272,B I Case,,8.5,5,5.25,,,,,,,,,,,,,,,,,,,,,,,,,,,,,,,,,,,,,,,,,,,
100053709,183471,12,4,,120452,IRE,Sean Og,7,10-11,68.45,,108,887,Henry Brooke,468,Mrs Dianne Sayer,2nd,5.5,3,8.25,,,,,,,,,,,,,,,,,,,,,,,,,,,,,,,,,,,,,,,,,,,
100053710,183471,5,5,,88390,IRE,Arthurs Quay,11,11-11,74.8,t,122,278,R P McLernon,4206,B Haslam,,17.0,12,20.25,,,,,,,,,,,,,,,,,,,,,,,,,,,,,,,,,,,,,,,,,,,
100053711,183471,2,6,,91792,FR,Yccs Portocervo,10,11-7,73.0,p,125,7027,Am Ellie Holder,4202,Dr R Newland & J Insole,,19.0,12,32.25,,,,,,,,,,,,,,,,,,,,,,,,,,,,,,,,,,,,,,,,,,,
100053712,183471,11,7,,125403,FR,Cuzco Du Mathan,7,10-12,68.9,v,109,4590,Danny McMenamin,718,James Moffatt,,13.0,hd,32.5,,,,,,,,,,,,,,,,,,,,,,,,,,,,,,,,,,,,,,,,,,,
100053713,183471,7,8,,92289,IRE,Hurricane Ali,9,11-4,71.65,t p,115,4110,Charlotte Jones,718,James Moffatt,,19.0,nse,32.75,,,,,,,,,,,,,,,,,,,,,,,,,,,,,,,,,,,,,,,,,,,
100053714,183471,3,9,,124204,FR,Breizh River,7,12-0,76.2,p,125,442,Ryan Mania,3726,Paul Robson,,19.0,7½,40.25,,,,,,,,,,,,,,,,,,,,,,,,,,,,,,,,,,,,,,,,,,,
100053715,183471,6,10,,103794,IRE,Half Shot,11,11-6,72.55,b,117,755,B S Hughes,948,I Jardine,,23.0,9½,49.75,,,,,,,,,,,,,,,,,,,,,,,,,,,,,,,,,,,,,,,,,,,
100053716,183471,10,PU,,117023,GB,River Of Joy,8,10-12,68.9,,109,3430,S Bowen,2686,Mickey Bowen,1st,2.62,,,,,,,,,,,,,,,,,,,,,,,,,,,,,,,,,,,,,,,,,,,,,
100053717,183472,4,1,,130684,FR,Dexter,8,11-7,73.0,t p,92,887,Henry Brooke,4133,O Greenall & J Guerriero,,6.5,,0.0,,,,,,,,,,,,,,,,,,,,,,,,,,,,,,,,,,,,,,,,,,,
100053718,183472,6,2,,118282,IRE,Prospect House,7,10-8,67.1,v,84,5585,William Maggs,706,P D Niven,2nd,4.5,1,1.0,,,,,,,,,,,,,,,,,,,,,,,,,,,,,,,,,,,,,,,,,,,
100053719,183472,8,3,,129237,IRE,Rorys Story,6,10-11,68.45,t,82,3626,Harry Reed,2122,T Davidson,1st,3.75,12,13.0,,,,,,,,,,,,,,,,,,,,,,,,,,,,,,,,,,,,,,,,,,,
100053720,183472,2,4,,132819,FR,La Quarite,5,11-9,73.9,t,94,3430,S Bowen,2686,Mickey Bowen,,6.0,1¼,14.25,,,,,,,,,,,,,,,,,,,,,,,,,,,,,,,,,,,,,,,,,,,
100053721,183472,3,5,,102739,IRE,Pittsburg,9,11-1,70.3,t p,93,6292,Benjamin Macey,2399,R Potter,,12.0,7,21.25,,,,,,,,,,,,,,,,,,,,,,,,,,,,,,,,,,,,,,,,,,,
100053722,183472,1,6,,102551,GB,Restandbethankful,9,12-0,76.2,t,99,737,Sean Quinlan,3828,Lizzie Quinlan,,6.5,19,40.25,,,,,,,,,,,,,,,,,,,,,,,,,,,,,,,,,,,,,,,,,,,
100053723,183472,7,PU,,132214,IRE,Fox Wallace,7,10-11,68.45,t,82,4479,Ben Godfrey,3292,Ella Pickard,,21.0,,,,,,,,,,,,,,,,,,,,,,,,,,,,,,,,,,,,,,,,,,,,,
100053724,183472,9,PU,,66378,IRE,Jackhammer,11,9-11,62.1,(oh2),73,5582,Charlie Maggs,3855,Miss A M Slack,,23.0,,,,,,,,,,,,,,,,,,,,,,,,,,,,,,,,,,,,,,,,,,,,,
100053725,183473,10,1,,127469,IRE,Bhean Saibhre,4,10-12,68.9,t,103,5575,P T Smithers,488,A A Howard,1st,2.88,,0.0,,,,,,,,,,,,,,,,,,,,,,,,,,,,,,,,,,,,,,,,,,,
100053726,183473,2,2,,147143,IRE,Following Orders,5,11-12,75.25,,106,6672,T Power Roche,70,P J Rothwell,2nd,3.0,16,16.0,,,,,,,,,,,,,,,,,,,,,,,,,,,,,,,,,,,,,,,,,,,
100053727,183473,5,3,,139163,IRE,Mr Eastwood,8,11-8,73.45,,-,6785,P F Kavanagh,4302,Ray Hackett,,101.0,8½,24.5,,,,,,,,,,,,,,,,,,,,,,,,,,,,,,,,,,,,,,,,,,,
100053728,183473,6,4,,153996,IRE,Tippawan Haa,6,11-12,75.25,,107,4789,J P Shinnick,423,T O'Brien,2nd,3.0,1¼,25.75,,,,,,,,,,,,,,,,,,,,,,,,,,,,,,,,,,,,,,,,,,,
100053729,183473,9,5,,132487,IRE,So Far Away,7,11-3,71.2,t 1 ,-,5089,Niall Moore,1314,J M Burke,,13.0,20,45.75,,,,,,,,,,,,,,,,,,,,,,,,,,,,,,,,,,,,,,,,,,,
100053730,183473,4,6,,153545,IRE,Mane Attraction,5,11-8,73.45,,-,4905,B P Kennedy,2246,Norman Lee,,126.0,19,64.75,,,,,,,,,,,,,,,,,,,,,,,,,,,,,,,,,,,,,,,,,,,
100053731,183473,1,7,,156014,IRE,Blinding Light,5,11-12,75.25,,-,6169,A P Kelly,2175,P Byrne,,81.0,24,88.75,,,,,,,,,,,,,,,,,,,,,,,,,,,,,,,,,,,,,,,,,,,
100053732,183473,7,PU,,156013,IRE,Bangor Lady,5,11-5,72.1,,-,2424,L A McKenna,432,J P Ryan,,17.0,,,,,,,,,,,,,,,,,,,,,,,,,,,,,,,,,,,,,,,,,,,,,
100053733,183473,8,PU,,131689,IRE,Hercrazysbeautiful,7,11-1,70.3,,-,6930,A Leahy,4192,James Andrew Fahey,,67.0,,,,,,,,,,,,,,,,,,,,,,,,,,,,,,,,,,,,,,,,,,,,,
100053734,183474,4,1,,147439,IRE,Shaboozee,4,10-10,68.0,,107,4408,R Deegan,4174,J P O'Brien,1st,2.88,,0.0,,,,,,,,,,,,,,,,,,,,,,,,,,,,,,,,,,,,,,,,,,,
100053735,183474,6,2,,144777,IRE,Maxios Prime,4,10-5,65.75,,102,3226,S D Torrens,70,P J Rothwell,2nd,5.5,14,14.0,,,,,,,,,,,,,,,,,,,,,,,,,,,,,,,,,,,,,,,,,,,
100053736,183474,3,3,,147430,IRE,Elusive Ogie,4,11-5,72.1,,116,4274,D J O'Keeffe,2247,E McCarthy,,19.0,2¼,16.25,,,,,,,,,,,,,,,,,,,,,,,,,,,,,,,,,,,,,,,,,,,
100053737,183474,1,4,,135557,IRE,Mick Collins,4,11-5,72.1,t h,123,6511,Mr M J Kenneally,397,N Meade,1st,2.88,9,25.25,,,,,,,,,,,,,,,,,,,,,,,,,,,,,,,,,,,,,,,,,,,
100053738,183474,2,5,,136067,IRE,Castleheath,4,11-7,73.0,,118,4920,E Walsh,4223,Ciaran Murphy,,7.0,23,48.25,,,,,,,,,,,,,,,,,,,,,,,,,,,,,,,,,,,,,,,,,,,
100053739,183474,5,6,,131060,IRE,Abel Mabel,4,10-2,64.4,,104,5089,Niall Moore,1686,Arthur Goulding,,19.0,6,54.25,,,,,,,,,,,,,,,,,,,,,,,,,,,,,,,,,,,,,,,,,,,
100053740,183475,8,1,,129672,IRE,Nothing Hectic,6,10-13,69.35,,98,4274,D J O'Keeffe,196,Miss McLoughlin,1st,2.25,,0.0,,,,,,,,,,,,,,,,,,,,,,,,,,,,,,,,,,,,,,,,,,,
100053741,183475,9,2,,153038,IRE,Toor Idaho,5,10-13,69.35,,-,4419,L Quinlan,623,Ms M Flynn,,51.0,3½,3.5,,,,,,,,,,,,,,,,,,,,,,,,,,,,,,,,,,,,,,,,,,,
100053742,183475,1,3,,121631,IRE,Boujee,8,11-2,70.75,,-,2424,L A McKenna,1099,M A Molloy,,8.5,1¼,4.75,,,,,,,,,,,,,,,,,,,,,,,,,,,,,,,,,,,,,,,,,,,
100053743,183475,5,4,,153177,IRE,Jetaway Nana,5,10-13,69.35,,-,4863,J C Gainford,4249,C Collins,2nd,3.5,3¼,8.0,,,,,,,,,,,,,,,,,,,,,,,,,,,,,,,,,,,,,,,,,,,
100053744,183475,3,5,,156020,IRE,Gentle Annie,5,10-10,68.0,t 1 ,-,4789,J P Shinnick,423,T O'Brien,,12.0,2½,10.5,,,,,,,,,,,,,,,,,,,,,,,,,,,,,,,,,,,,,,,,,,,
100053745,183475,6,6,,133809,IRE,Mountrivers Lass,6,10-13,69.35,,95,4408,R Deegan,443,R Murphy,,15.0,1¾,12.25,,,,,,,,,,,,,,,,,,,,,,,,,,,,,,,,,,,,,,,,,,,
100053746,183475,4,7,,142019,IRE,Hysuna,6,10-13,69.35,h 1 ,-,4865,S Fitzgerald,3421,Richard A Foley,,81.0,24,36.25,,,,,,,,,,,,,,,,,,,,,,,,,,,,,,,,,,,,,,,,,,,
100053747,183475,7,8,,98614,IRE,Not May,11,10-6,66.2,t p,84,6982,E Finegan,2196,H P Finegan,,7.5,40,76.25,,,,,,,,,,,,,,,,,,,,,,,,,,,,,,,,,,,,,,,,,,,
100053748,183476,12,1,,153102,IRE,Damoso,4,10-2,64.4,t p,80,3226,S D Torrens,70,P J Rothwell,,10.0,,0.0,,,,,,,,,,,,,,,,,,,,,,,,,,,,,,,,,,,,,,,,,,,
100053749,183476,11,2,,152874,IRE,Georginas Jet,4,10-6,66.2,,84,3863,Miss J Townend,421,P J Gilligan,2nd,4.0,2½,2.5,,,,,,,,,,,,,,,,,,,,,,,,,,,,,,,,,,,,,,,,,,,
100053750,183476,3,3,,96140,IRE,Kilashee,10,11-9,73.9,,97,5467,D King,432,J P Ryan,,15.0,6½,9.0,,,,,,,,,,,,,,,,,,,,,,,,,,,,,,,,,,,,,,,,,,,
100053751,183476,9,4,,137257,IRE,Tedworth,5,11-0,69.85,p,88,5014,C M Quirke,626,M Barry,,13.0,11,20.0,,,,,,,,,,,,,,,,,,,,,,,,,,,,,,,,,,,,,,,,,,,
100053752,183476,6,5,,137227,IRE,Anysignofhim,6,11-1,70.3,,89,4419,L Quinlan,4302,Ray Hackett,1st,3.75,4,24.0,,,,,,,,,,,,,,,,,,,,,,,,,,,,,,,,,,,,,,,,,,,
100053753,183476,10,6,,146608,IRE,Western Opera,5,10-5,65.75,t,82,6169,A P Kelly,3350,Gearoid O'Loughlin,,7.0,5½,29.5,,,,,,,,,,,,,,,,,,,,,,,,,,,,,,,,,,,,,,,,,,,
100053754,183476,7,7,,133001,IRE,Klassman,7,11-1,70.3,t p,89,2946,D Meyler,3078,S Nolan,,9.0,2½,32.0,,,,,,,,,,,,,,,,,,,,,,,,,,,,,,,,,,,,,,,,,,,
100053755,183476,13,8,,101943,IRE,Rockon Henry,10,9-10,61.65,,75,4636,S O'Callaghan,1813,F Feeney,,21.0,2,34.0,,,,,,,,,,,,,,,,,,,,,,,,,,,,,,,,,,,,,,,,,,,
100053756,183476,5,9,,131295,IRE,Dream Once More,6,10-13,69.35,t h,90,4789,J P Shinnick,423,T O'Brien,,10.0,75,109.0,,,,,,,,,,,,,,,,,,,,,,,,,,,,,,,,,,,,,,,,,,,
100053757,183476,8,10,,154709,IRE,Ponderosa Lady,5,11-0,69.85,,88,4865,S Fitzgerald,521,G Keane,,23.0,4½,113.5,,,,,,,,,,,,,,,,,,,,,,,,,,,,,,,,,,,,,,,,,,,
100053758,183476,2,PU,,127254,IRE,Van Demon,5,11-10,74.35,b 1 ,98,5511,P Byrnes,815,William O'Doherty,,51.0,,,,,,,,,,,,,,,,,,,,,,,,,,,,,,,,,,,,,,,,,,,,,
100053759,183477,10,1,,142786,IRE,Ladies Well,5,10-5,65.75,,79,5014,C M Quirke,81,A Slattery,,7.5,,0.0,,,,,,,,,,,,,,,,,,,,,,,,,,,,,,,,,,,,,,,,,,,
100053760,183477,9,2,,122070,IRE,Doyen Flyer,7,10-6,66.2,,80,1485,B Hayes,2617,J Barcoe,,19.0,½,0.5,,,,,,,,,,,,,,,,,,,,,,,,,,,,,,,,,,,,,,,,,,,
100053761,183477,4,3,,108298,IRE,Bayou Belle,6,10-13,69.35,t 1 ,94,5575,P T Smithers,672,J P Fahey,,7.0,1¾,2.25,,,,,,,,,,,,,,,,,,,,,,,,,,,,,,,,,,,,,,,,,,,
100053762,183477,12,4,,136385,IRE,Moonshine Girl,6,10-3,64.85,p 1 ,77,3863,Miss J Townend,421,P J Gilligan,,13.0,1¼,3.5,,,,,,,,,,,,,,,,,,,,,,,,,,,,,,,,,,,,,,,,,,,
100053763,183477,5,5,,128298,IRE,Lummi Island,7,10-10,68.0,p,91,4905,B P Kennedy,858,D Deacon,,12.0,¾,4.25,,,,,,,,,,,,,,,,,,,,,,,,,,,,,,,,,,,,,,,,,,,
100053764,183477,6,6,,106082,IRE,Inchidaly Copper,9,10-8,67.1,b,89,5725,Mr A Burke-Ott,3643,Alexander Ott,1st,4.33,2½,6.75,,,,,,,,,,,,,,,,,,,,,,,,,,,,,,,,,,,,,,,,,,,
100053765,183477,11,7,,125333,IRE,Love Bite,7,10-1,63.95,,78,6169,A P Kelly,1086,Mrs M O'Connor,,41.0,½,7.25,,,,,,,,,,,,,,,,,,,,,,,,,,,,,,,,,,,,,,,,,,,
100053766,183477,3,8,,111908,IRE,Steps In The Sand,6,11-7,73.0,,95,4920,E Walsh,4223,Ciaran Murphy,2nd,6.0,2,9.25,,,,,,,,,,,,,,,,,,,,,,,,,,,,,,,,,,,,,,,,,,,
100053767,183477,8,9,,114556,IRE,Cathys Quest,8,10-8,67.1,b,85,4789,J P Shinnick,423,T O'Brien,,6.5,9,18.25,,,,,,,,,,,,,,,,,,,,,,,,,,,,,,,,,,,,,,,,,,,
100053768,183477,1,10,,107356,IRE,Friends N Commerce,9,11-5,72.1,t 1  p,100,5119,Miss L Costello,1211,P G Kelly,,41.0,4¼,22.5,,,,,,,,,,,,,,,,,,,,,,,,,,,,,,,,,,,,,,,,,,,
100053769,183477,2,11,,126395,IRE,Miss Oreo,7,11-10,74.35,p,98,2946,D Meyler,411,J J Hanlon,,41.0,26,48.5,,,,,,,,,,,,,,,,,,,,,,,,,,,,,,,,,,,,,,,,,,,
100053770,183477,14,12,,128678,FR,Great Rainbow,7,10-2,64.4,,76,4419,L Quinlan,4290,B McMahon,,10.0,3½,52.0,,,,,,,,,,,,,,,,,,,,,,,,,,,,,,,,,,,,,,,,,,,
100053771,183477,13,13,,57825,IRE,Father Jed,14,10-2,64.4,,76,5467,D King,432,J P Ryan,,29.0,4,56.0,,,,,,,,,,,,,,,,,,,,,,,,,,,,,,,,,,,,,,,,,,,
100053772,183477,7,14,,153984,IRE,Jetovango,6,11-1,70.3,,89,4274,D J O'Keeffe,737,D O'Sullivan,,21.0,26,82.0,,,,,,,,,,,,,,,,,,,,,,,,,,,,,,,,,,,,,,,,,,,
100053773,183478,1,1,,123537,IRE,King Of Kingsfield,7,11-12,75.25,t 1 ,143,3739,J W Kennedy,383,G Elliott,1st,1.57,,0.0,,,,,,,,,,,,,,,,,,,,,,,,,,,,,,,,,,,,,,,,,,,
100053774,183478,4,2,,103018,IRE,The Dara Man,10,11-2,70.75,,117,5467,D King,432,J P Ryan,,12.0,8,8.0,,,,,,,,,,,,,,,,,,,,,,,,,,,,,,,,,,,,,,,,,,,
100053775,183478,3,3,,147560,IRE,Saint Peregrine,6,10-11,68.45,,-,2424,L A McKenna,432,J P Ryan,,51.0,25,33.0,,,,,,,,,,,,,,,,,,,,,,,,,,,,,,,,,,,,,,,,,,,
100053776,183478,2,4,,136171,FR,Runcok,5,11-7,73.0,h,138,83,P Townend,75,W P Mullins,2nd,2.88,½,33.5,,,,,,,,,,,,,,,,,,,,,,,,,,,,,,,,,,,,,,,,,,,
100053777,183479,1,1,,134305,IRE,Chance Another One,6,11-12,75.25,,-,2946,D Meyler,4245,E Mullins,1st,2.25,,0.0,,,,,,,,,,,,,,,,,,,,,,,,,,,,,,,,,,,,,,,,,,,
100053778,183479,8,2,,145544,IRE,Nastya,6,11-5,72.1,,-,4274,D J O'Keeffe,66,H De Bromhead,,5.5,2¾,2.75,,,,,,,,,,,,,,,,,,,,,,,,,,,,,,,,,,,,,,,,,,,
100053779,183479,2,3,,107056,IRE,Chinx Of Light,9,11-12,75.25,,-,3226,S D Torrens,723,J C McConnell,,19.0,14,16.75,,,,,,,,,,,,,,,,,,,,,,,,,,,,,,,,,,,,,,,,,,,
100053780,183479,3,4,,111796,IRE,Greatness Awaits,6,11-12,75.25,t p,107,4863,J C Gainford,4249,C Collins,,13.0,8½,25.25,,,,,,,,,,,,,,,,,,,,,,,,,,,,,,,,,,,,,,,,,,,
100053781,183479,4,5,,133481,IRE,Iamagetaway,6,11-12,75.25,t,108,5511,P Byrnes,4192,James Andrew Fahey,,17.0,3½,28.75,,,,,,,,,,,,,,,,,,,,,,,,,,,,,,,,,,,,,,,,,,,
100053782,183479,9,6,,113187,USA,Ta Na La,6,11-0,69.85,t,-,4636,S O'Callaghan,414,T M Walsh,,8.5,53,81.75,,,,,,,,,,,,,,,,,,,,,,,,,,,,,,,,,,,,,,,,,,,
100053783,183479,5,PU,,106448,IRE,Jimmybrien,9,11-5,72.1,p,85,5729,Ms H Phillips,918,M J Phillips,,126.0,,,,,,,,,,,,,,,,,,,,,,,,,,,,,,,,,,,,,,,,,,,,,
100053784,183479,6,PU,,113322,IRE,Mister Beeton,8,11-12,75.25,p,113,4865,S Fitzgerald,3078,S Nolan,,26.0,,,,,,,,,,,,,,,,,,,,,,,,,,,,,,,,,,,,,,,,,,,,,
100053785,183479,7,F,,121326,IRE,Palamon,5,11-12,75.25,t b,-,69,S W Flanagan,178,P Nolan,2nd,5.0,,,,,,,,,,,,,,,,,,,,,,,,,,,,,,,,,,,,,,,,,,,,,
100053786,183480,3,1,,155225,IRE,Blue Waters,4,11-5,72.1,,-,4713,Mr H C Swan,383,G Elliott,1st,3.25,,0.0,,,,,,,,,,,,,,,,,,,,,,,,,,,,,,,,,,,,,,,,,,,
100053787,183480,9,2,,152368,IRE,Maximillian Lady,4,10-12,68.9,,-,6260,Mr T A Halford,480,C W J Farrell,,8.0,3¼,3.25,,,,,,,,,,,,,,,,,,,,,,,,,,,,,,,,,,,,,,,,,,,
100053788,183480,10,3,,155568,IRE,Miss Jocund,4,10-12,68.9,,-,5610,Mr D Doyle,66,H De Bromhead,2nd,4.5,1¾,5.0,,,,,,,,,,,,,,,,,,,,,,,,,,,,,,,,,,,,,,,,,,,
100053789,183480,6,4,,155438,IRE,Let It Settle,4,10-12,68.9,,-,6266,Mr J R Martin,1431,G P Cromwell,2nd,4.5,4¼,9.25,,,,,,,,,,,,,,,,,,,,,,,,,,,,,,,,,,,,,,,,,,,
100053790,183480,2,5,,153688,IRE,Baile Mhisteala,4,10-12,68.9,,-,5874,Mr J H Williamson,2247,E McCarthy,,10.0,4¾,14.0,,,,,,,,,,,,,,,,,,,,,,,,,,,,,,,,,,,,,,,,,,,
100053791,183480,11,6,,155569,IRE,Mysilverriverfeale,4,11-0,69.85,,-,5169,Mr A P Ryan,489,T Cooper,,12.0,4½,18.5,,,,,,,,,,,,,,,,,,,,,,,,,,,,,,,,,,,,,,,,,,,
100053792,183480,4,7,,156021,IRE,Hollys Diamond,4,10-12,68.9,,-,6816,Mr A W O'Donnell,836,K F O'Donnell,,23.0,11,29.5,,,,,,,,,,,,,,,,,,,,,,,,,,,,,,,,,,,,,,,,,,,
100053793,183480,7,8,,153704,IRE,Likealightswitch,4,11-5,72.1,,-,3355,Mr F Maguire,1245,A Sexton,,13.0,26,55.5,,,,,,,,,,,,,,,,,,,,,,,,,,,,,,,,,,,,,,,,,,,
100053794,183480,8,9,,156024,IRE,Marsh Lady,4,11-5,72.1,,-,3863,Miss J Townend,2617,J Barcoe,,26.0,2¾,58.25,,,,,,,,,,,,,,,,,,,,,,,,,,,,,,,,,,,,,,,,,,,
100053795,183480,5,10,,151860,IRE,Jessie Roe,4,10-12,68.9,t,-,5948,Mr P W Gleeson,3434,Brian Mortell,,151.0,6,64.25,,,,,,,,,,,,,,,,,,,,,,,,,,,,,,,,,,,,,,,,,,,
100053796,183480,13,11,,155457,IRE,The Fitter,4,10-12,68.9,t,-,5204,Mr D McGill,1082,T Gibney,,81.0,54,118.25,,,,,,,,,,,,,,,,,,,,,,,,,,,,,,,,,,,,,,,,,,,
100053797,183481,4,1,,155517,IRE,Camlin Park,5,11-2,70.75,t,-,6618,A Harvey,723,J C McConnell,,12.0,,0.0,,,,,,,,,,,,,,,,,,,,,,,,,,,,,,,,,,,,,,,,,,,
100053798,183481,9,2,,137802,IRE,Lightning Legs,4,11-2,70.75,,-,5194,Sam Ewing,383,G Elliott,,8.0,12,12.0,,,,,,,,,,,,,,,,,,,,,,,,,,,,,,,,,,,,,,,,,,,
100053799,183481,1,3,,154940,IRE,Front Door Famous,5,11-12,75.25,,-,327,K M Donoghue,1431,G P Cromwell,1st,1.62,1¾,13.75,,,,,,,,,,,,,,,,,,,,,,,,,,,,,,,,,,,,,,,,,,,
100053800,183481,7,4,,155549,IRE,Annagar,4,10-9,67.55,,-,6633,P Hanlon,411,J J Hanlon,,34.0,4¾,18.5,,,,,,,,,,,,,,,,,,,,,,,,,,,,,,,,,,,,,,,,,,,
100053801,183481,8,5,,154174,IRE,Lady Maxios,4,11-2,70.75,,-,5643,D J Gilligan,4249,C Collins,,7.5,5,23.5,,,,,,,,,,,,,,,,,,,,,,,,,,,,,,,,,,,,,,,,,,,
100053802,183481,3,6,,154606,IRE,Cosielikeshim,4,11-4,71.65,,-,6148,J Smith,4249,C Collins,,67.0,½,24.0,,,,,,,,,,,,,,,,,,,,,,,,,,,,,,,,,,,,,,,,,,,
100053803,183481,10,7,,152207,IRE,Notmiwadi,4,10-9,67.55,,-,5741,D A Kidd,723,J C McConnell,,126.0,3½,27.5,,,,,,,,,,,,,,,,,,,,,,,,,,,,,,,,,,,,,,,,,,,
100053804,183481,2,8,,122693,GB,Serotonin,5,11-12,75.25,,-,2069,K C Sexton,192,P W Flynn,2nd,6.0,9½,37.0,,,,,,,,,,,,,,,,,,,,,,,,,,,,,,,,,,,,,,,,,,,
100053805,183481,6,9,,155598,IRE,Shoot The Crows,5,10-12,68.9,,-,5388,E Staples,1048,Colin Bowe,,51.0,4,41.0,,,,,,,,,,,,,,,,,,,,,,,,,,,,,,,,,,,,,,,,,,,
100053806,183482,1,1,,117623,IRE,Pahlavi,8,11-5,72.1,t,100,6633,P Hanlon,411,J J Hanlon,,8.5,,0.0,,,,,,,,,,,,,,,,,,,,,,,,,,,,,,,,,,,,,,,,,,,
100053807,183482,6,2,,128742,IRE,Silent Dawn,6,10-12,68.9,t p,86,69,S W Flanagan,1137,A Murray,,9.0,hd,0.25,,,,,,,,,,,,,,,,,,,,,,,,,,,,,,,,,,,,,,,,,,,
100053808,183482,3,3,,134710,IRE,Wing Back,5,11-6,72.55,h,94,74,P T Enright,2015,S Curling,1st,2.2,1¼,1.5,,,,,,,,,,,,,,,,,,,,,,,,,,,,,,,,,,,,,,,,,,,
100053809,183482,8,4,,121505,GB,Newport,5,10-0,63.5,t p,81,5388,E Staples,73,E Doyle,2nd,6.0,¾,2.25,,,,,,,,,,,,,,,,,,,,,,,,,,,,,,,,,,,,,,,,,,,
100053810,183482,9,5,,145591,IRE,Hitthehayson,6,9-13,63.0,,78,3199,G B Noonan,70,P J Rothwell,,15.0,hd,2.5,,,,,,,,,,,,,,,,,,,,,,,,,,,,,,,,,,,,,,,,,,,
100053811,183482,7,6,,115567,GB,Patrick Street,6,10-11,68.45,t,85,4768,S F O'Keeffe,4225,A Kinirons,,67.0,7,9.5,,,,,,,,,,,,,,,,,,,,,,,,,,,,,,,,,,,,,,,,,,,
100053812,183482,4,7,,146150,IRE,Menas Miracle,6,11-0,69.85,t,88,5711,C Stone-Walsh,3620,Brendan Walsh,,11.0,6,15.5,,,,,,,,,,,,,,,,,,,,,,,,,,,,,,,,,,,,,,,,,,,
100053813,183482,2,8,,92514,IRE,The Truant,8,11-12,75.25,t,100,2069,K C Sexton,192,P W Flynn,,7.5,2¾,18.25,,,,,,,,,,,,,,,,,,,,,,,,,,,,,,,,,,,,,,,,,,,
100053814,183482,5,9,,142097,IRE,Chesterbaylad,4,10-5,65.75,,89,5712,C D Smithers,98,Ms H P Markham,,51.0,44,62.25,,,,,,,,,,,,,,,,,,,,,,,,,,,,,,,,,,,,,,,,,,,
100053815,183483,7,1,,155678,IRE,Penny Perfect,4,10-7,66.65,,-,5643,D J Gilligan,383,G Elliott,,8.5,,0.0,,,,,,,,,,,,,,,,,,,,,,,,,,,,,,,,,,,,,,,,,,,
100053816,183483,4,2,,147469,IRE,Mavetherave,5,11-4,71.65,,-,5194,Sam Ewing,559,S R B Crawford,1st,3.5,9½,9.5,,,,,,,,,,,,,,,,,,,,,,,,,,,,,,,,,,,,,,,,,,,
100053817,183483,3,3,,146405,IRE,Fool Me Once,5,10-11,68.45,p 1 ,108,5388,E Staples,1431,G P Cromwell,2nd,3.75,17,26.5,,,,,,,,,,,,,,,,,,,,,,,,,,,,,,,,,,,,,,,,,,,
100053818,183483,6,4,,154751,IRE,Westoftignes,6,11-4,71.65,,-,4688,K E Buckley,1137,A Murray,,12.0,7,33.5,,,,,,,,,,,,,,,,,,,,,,,,,,,,,,,,,,,,,,,,,,,
100053819,183483,5,5,,137134,IRE,Southey,5,11-4,71.65,t,104,435,D E Mullins,559,S R B Crawford,,12.0,97,130.5,,,,,,,,,,,,,,,,,,,,,,,,,,,,,,,,,,,,,,,,,,,
100053820,183483,2,F,,151972,IRE,Minella Supreme,5,11-9,73.9,,-,6618,A Harvey,723,J C McConnell,1st,3.5,,,,,,,,,,,,,,,,,,,,,,,,,,,,,,,,,,,,,,,,,,,,,
100053821,183484,2,1,,125736,IRE,Our Zebo,6,11-8,73.45,b,109,6618,A Harvey,1585,N C Kelly,,6.5,,0.0,,,,,,,,,,,,,,,,,,,,,,,,,,,,,,,,,,,,,,,,,,,
100053822,183484,4,2,,120551,GB,Rockview Consort,6,11-3,71.2,,108,6633,P Hanlon,723,J C McConnell,2nd,5.5,1¾,1.75,,,,,,,,,,,,,,,,,,,,,,,,,,,,,,,,,,,,,,,,,,,
100053823,183484,10,3,,136550,IRE,Gortmore Lady,5,9-9,61.2,,86,5977,Mr J Costello,366,A J Martin,1st,4.5,8,9.75,,,,,,,,,,,,,,,,,,,,,,,,,,,,,,,,,,,,,,,,,,,
100053824,183484,1,4,,142296,GB,Warriors Wood,5,11-5,72.1,,110,5388,E Staples,4217,A McNamara,,8.0,nk,10.0,,,,,,,,,,,,,,,,,,,,,,,,,,,,,,,,,,,,,,,,,,,
100053825,183484,3,5,,144981,FR,Eternal Angel,5,11-3,71.2,,108,6996,P J Cody,4328,Miss Ellmarie Holden,1st,4.5,11,21.0,,,,,,,,,,,,,,,,,,,,,,,,,,,,,,,,,,,,,,,,,,,
100053826,183484,5,6,,118722,IRE,Ossifer Hops,7,11-9,73.9,b 1 ,107,5514,J Coen,383,G Elliott,,13.0,3½,24.5,,,,,,,,,,,,,,,,,,,,,,,,,,,,,,,,,,,,,,,,,,,
100053827,183484,7,7,,131320,IRE,Never Present,7,10-5,65.75,,96,5741,D A Kidd,723,J C McConnell,,41.0,8,32.5,,,,,,,,,,,,,,,,,,,,,,,,,,,,,,,,,,,,,,,,,,,
100053828,183484,9,8,,102213,IRE,Peckham Springs,8,10-5,65.75,t p,89,3783,P J O'Hanlon,4169,D A McLoughlin,,13.0,27,59.5,,,,,,,,,,,,,,,,,,,,,,,,,,,,,,,,,,,,,,,,,,,
100053829,183484,6,9,,154944,IRE,Kilmore Coral,5,11-4,71.65,,102,74,P T Enright,2015,S Curling,,9.0,43,102.5,,,,,,,,,,,,,,,,,,,,,,,,,,,,,,,,,,,,,,,,,,,
100053830,183485,5,1,,125512,GB,Speculatrix,6,11-5,72.1,,-,2069,K C Sexton,383,G Elliott,1st,2.62,,0.0,,,,,,,,,,,,,,,,,,,,,,,,,,,,,,,,,,,,,,,,,,,
100053831,183485,1,2,,120911,FR,Invictus World,7,11-7,73.0,t,-,6148,J Smith,4090,Gerald Stephen Quinn,2nd,3.0,8½,8.5,,,,,,,,,,,,,,,,,,,,,,,,,,,,,,,,,,,,,,,,,,,
100053832,183485,2,3,,124655,IRE,Kalanisi Flash,8,11-5,72.1,t p 1 ,-,5741,D A Kidd,723,J C McConnell,,6.0,2,10.5,,,,,,,,,,,,,,,,,,,,,,,,,,,,,,,,,,,,,,,,,,,
100053833,183485,4,4,,130369,IRE,Mount Sinai,7,10-12,68.9,,114,6633,P Hanlon,411,J J Hanlon,,12.0,49,59.5,,,,,,,,,,,,,,,,,,,,,,,,,,,,,,,,,,,,,,,,,,,
100053834,183485,3,U,,126644,IRE,Joya Del Mar,7,11-5,72.1,,-,4688,K E Buckley,4169,D A McLoughlin,,6.0,,,,,,,,,,,,,,,,,,,,,,,,,,,,,,,,,,,,,,,,,,,,,
100053835,183486,1,1,,141036,IRE,Person Of Interest,5,11-5,72.1,t p,100,6633,P Hanlon,411,J J Hanlon,1st,4.0,,0.0,,,,,,,,,,,,,,,,,,,,,,,,,,,,,,,,,,,,,,,,,,,
100053836,183486,8,2,,76894,GB,Fr Gilligansvoyge,12,10-0,63.5,t v,74,5514,J Coen,605,J G Carr,,21.0,12,12.0,,,,,,,,,,,,,,,,,,,,,,,,,,,,,,,,,,,,,,,,,,,
100053837,183486,4,3,,126970,IRE,Bayonetta,7,10-13,69.35,,92,6148,J Smith,4090,Gerald Stephen Quinn,,7.5,3,15.0,,,,,,,,,,,,,,,,,,,,,,,,,,,,,,,,,,,,,,,,,,,
100053838,183486,7,4,,94772,IRE,Greenway Machine,13,9-9,61.2,,74,3199,G B Noonan,98,Ms H P Markham,,19.0,18,33.0,,,,,,,,,,,,,,,,,,,,,,,,,,,,,,,,,,,,,,,,,,,
100053839,183486,2,U,,136581,IRE,Sea Of Doubt,5,11-6,72.55,t,94,327,K M Donoghue,4284,Ian Patrick Donoghue,,6.5,,,,,,,,,,,,,,,,,,,,,,,,,,,,,,,,,,,,,,,,,,,,,
100053840,183486,3,U,,133776,IRE,Doyen Magic,6,10-12,68.9,,93,5388,E Staples,70,P J Rothwell,,5.5,,,,,,,,,,,,,,,,,,,,,,,,,,,,,,,,,,,,,,,,,,,,,
100053841,183486,5,U,,126024,IRE,My Good Pal,6,10-7,66.65,t,88,5771,Mr B M Coonan,1431,G P Cromwell,2nd,4.5,,,,,,,,,,,,,,,,,,,,,,,,,,,,,,,,,,,,,,,,,,,,,
100053842,183486,6,U,,152311,IRE,Firstupbestdressed,5,10-9,67.55,,83,2079,R A Doyle,3858,Conor Maxwell,,8.5,,,,,,,,,,,,,,,,,,,,,,,,,,,,,,,,,,,,,,,,,,,,,
100053843,183487,1,1,,126005,IRE,Macinamillion,5,11-12,75.25,p 1 ,116,327,K M Donoghue,1431,G P Cromwell,,7.5,,0.0,,,,,,,,,,,,,,,,,,,,,,,,,,,,,,,,,,,,,,,,,,,
100053844,183487,4,2,,122698,IRE,Lakefield Flyer,7,10-13,69.35,t h,110,6633,P Hanlon,411,J J Hanlon,,6.5,1½,1.5,,,,,,,,,,,,,,,,,,,,,,,,,,,,,,,,,,,,,,,,,,,
100053845,183487,2,3,,105187,IRE,Presenting Lad,9,11-4,71.65,t,115,5388,E Staples,517,M M McNiff,,8.5,18,19.5,,,,,,,,,,,,,,,,,,,,,,,,,,,,,,,,,,,,,,,,,,,
100053846,183487,6,4,,77612,IRE,Wajaaha,10,10-11,68.45,p,106,3199,G B Noonan,817,P J McKenna,,11.0,½,20.0,,,,,,,,,,,,,,,,,,,,,,,,,,,,,,,,,,,,,,,,,,,
100053847,183487,7,5,,118857,IRE,Portarlington,6,11-0,69.85,t v 1 ,104,5711,C Stone-Walsh,4284,Ian Patrick Donoghue,,6.0,14,34.0,,,,,,,,,,,,,,,,,,,,,,,,,,,,,,,,,,,,,,,,,,,
100053848,183487,3,6,,95672,IRE,Willywampus,8,11-8,73.45,p,112,2079,R A Doyle,3118,Eamon Courtney,,19.0,21,55.0,,,,,,,,,,,,,,,,,,,,,,,,,,,,,,,,,,,,,,,,,,,
100053849,183487,5,F,,112430,IRE,Metamorpheus,6,11-6,72.55,,110,435,D E Mullins,3142,Richard O'brien,1st,4.5,,,,,,,,,,,,,,,,,,,,,,,,,,,,,,,,,,,,,,,,,,,,,
100053850,183487,8,F,,107012,IRE,Look Dont Touch,10,10-6,66.2,t v,103,5664,I Ryan,3858,Conor Maxwell,,15.0,,,,,,,,,,,,,,,,,,,,,,,,,,,,,,,,,,,,,,,,,,,,,
100053851,183487,9,PU,,108608,IRE,Woodstream Lad,8,10-12,68.9,p,102,2644,D Robinson,70,P J Rothwell,2nd,5.5,,,,,,,,,,,,,,,,,,,,,,,,,,,,,,,,,,,,,,,,,,,,,
