id,uptodate,state,race_id_last_race,date_last_race,name,country,age,color,owner,sire,dam,dam_sire,sex,Total_races,Wins,Percentage_wins,placed,Percentage_placed,Flat_AW_races,Flat_AW_wins,Flat_AW_rate,Flat_AW_placed,Flat_AW_placed_rate,Flat_Turf_races,Flat_Turf_wins,Flat_Turf_rate,Flat_Turf_placed,Flat_Turf_placed_rate,Chase_races,Chase_wins,Chase_rate,Chase_placed,Chase_placed_rate,Hurdle_races,Hurdle_wins,Hurdle_rate,Hurdle_placed,Hurdle_placed_rate
72797,2025-08-25,Active,183496,2025-08-26,Poets Dawn,GB,10,chestnut,Mr Timothy O'Gram & Partner,Poet's Voice (UK),Dudley Queen (IRE),Excellent Art (UK),gelding,113.0,11.0,9.73%,45.0,39.82%,4.0,0.0,0.00%,1.0,25.00%,109.0,11.0,10.09%,44.0,40.37%,0.0,0.0,0%,0.0,0%,0.0,0.0,0%,0.0,0%
81052,2025-08-25,Active,183488,2025-08-26,Wilderness,GB,10,bay,S Mullins Racing Club,Cityscape (UK),Moonlight Applause (UK),Royal Applause (UK),mare,60.0,6.0,10.00%,17.0,28.33%,8.0,0.0,0.00%,4.0,50.00%,33.0,5.0,15.15%,9.0,27.27%,4.0,0.0,0.00%,1.0,25.00%,15.0,1.0,6.67%,3.0,20.00%
81824,2025-08-25,Active,183499,2025-08-26,Marks Choice,IRE,9,bay,Cragg Wood Racing,Bungle Inthejungle (UK),Ramamara (IRE),Trans Island (UK),gelding,66.0,10.0,15.15%,21.0,31.82%,7.0,0.0,0.00%,3.0,42.86%,59.0,10.0,16.95%,18.0,30.51%,0.0,0.0,0%,0.0,0%,0.0,0.0,0%,0.0,0%
82449,2025-08-25,Active,183499,2025-08-26,Count Dorsay,IRE,9,bay,Ambrose Turnbull & John Cruces,Dandy Man (IRE),Deira (USA),Green Desert (USA),gelding,100.0,11.0,11.00%,26.0,26.00%,5.0,0.0,0.00%,0.0,0%,95.0,11.0,11.58%,26.0,27.37%,0.0,0.0,0%,0.0,0%,0.0,0.0,0%,0.0,0%
84148,2025-08-25,Active,183505,2025-08-26,Trais Fluors,GB,11,bay,Miss L A Perratt,Dansili (UK),Trois Lunes (FR),Manduro (GER),gelding,68.0,6.0,8.82%,14.0,20.59%,19.0,4.0,21.05%,4.0,21.05%,49.0,2.0,4.08%,10.0,20.41%,0.0,0.0,0%,0.0,0%,0.0,0.0,0%,0.0,0%
85734,2025-08-25,Active,183515,2025-08-26,Walking On Glass,IRE,10,brown,Fivers & Tenners Syndicate,Big Bad Bob (IRE),Cocktail Hour (IRE),Notnowcato (UK),gelding,64.0,8.0,12.50%,16.0,25.00%,1.0,0.0,0.00%,0.0,0%,27.0,4.0,14.81%,7.0,25.93%,9.0,1.0,11.11%,1.0,11.11%,27.0,3.0,11.11%,8.0,29.63%
86513,2025-08-25,Active,183488,2025-08-26,Atalanta Breeze,GB,9,bay,Miss S Sharp,Champs Elysees (UK),Craighall (UK),Dubawi (IRE),mare,28.0,4.0,14.29%,8.0,28.57%,14.0,1.0,7.14%,3.0,21.43%,14.0,3.0,21.43%,5.0,35.71%,0.0,0.0,0%,0.0,0%,0.0,0.0,0%,0.0,0%
86895,2025-08-25,Active,183515,2025-08-26,Takarengo,IRE,9,bay,James M Barcoe,Battle Of Marengo (IRE),Takaliyda (IRE),Azamour (IRE),gelding,77.0,5.0,6.49%,27.0,35.06%,1.0,0.0,0.00%,0.0,0%,39.0,4.0,10.26%,10.0,25.64%,8.0,0.0,0.00%,5.0,62.50%,29.0,1.0,3.45%,12.0,41.38%
88006,2025-08-25,Active,183509,2025-08-26,Hell Left Loose,GB,9,bay,Vincent Carroll,Hellvelyn (UK),Yarrita (UK),Tragic Role (USA),gelding,42.0,4.0,9.52%,5.0,11.90%,10.0,1.0,10.00%,1.0,10.00%,31.0,3.0,9.68%,4.0,12.90%,0.0,0.0,0%,0.0,0%,1.0,0.0,0.00%,0.0,0%
90367,2025-08-25,Active,183510,2025-08-26,Mogwli,IRE,8,g,W Mccreery,Bungle Inthejungle (UK),Susiescot (IRE),Verglas (IRE),gelding,86.0,7.0,8.14%,20.0,23.26%,3.0,0.0,0.00%,1.0,33.33%,83.0,7.0,8.43%,19.0,22.89%,0.0,0.0,0%,0.0,0%,0.0,0.0,0%,0.0,0%
91905,2025-08-25,Active,183505,2025-08-26,Jump The Gun,IRE,8,bay,Let's Be Lucky Racing 26,Make Believe (UK),Sound Of Guns (UK),Acclamation (UK),gelding,66.0,5.0,7.58%,17.0,25.76%,19.0,2.0,10.53%,5.0,26.32%,47.0,3.0,6.38%,12.0,25.53%,0.0,0.0,0%,0.0,0%,0.0,0.0,0%,0.0,0%
92111,2025-08-25,Active,183496,2025-08-26,Little Ted,GB,8,chestnut,Mr M J Macleod,Cityscape (UK),Speedy Utmost Meg (UK),Medicean (UK),gelding,29.0,4.0,13.79%,6.0,20.69%,12.0,1.0,8.33%,3.0,25.00%,17.0,3.0,17.65%,3.0,17.65%,0.0,0.0,0%,0.0,0%,0.0,0.0,0%,0.0,0%
92385,2025-08-25,Active,183504,2025-08-26,Hard Nut,IRE,8,bay,Miss L A Perratt,Gutaifan (IRE),With A Twist (UK),Excellent Art (UK),gelding,39.0,3.0,7.69%,6.0,15.38%,16.0,1.0,6.25%,2.0,12.50%,23.0,2.0,8.70%,4.0,17.39%,0.0,0.0,0%,0.0,0%,0.0,0.0,0%,0.0,0%
92399,2025-08-25,Active,183495,2025-08-26,Sir Rodneyredblood,GB,8,chestnut,Mrs Claire Goddard,Roderic O'connor (IRE),Red Blooded Woman (USA),Red Ransom (USA),gelding,100.0,16.0,16.00%,32.0,32.00%,83.0,15.0,18.07%,29.0,34.94%,17.0,1.0,5.88%,3.0,17.65%,0.0,0.0,0%,0.0,0%,0.0,0.0,0%,0.0,0%
94026,2025-08-25,Active,183505,2025-08-26,Temper Trap,GB,8,brown,Ontoawinner 10 & Partner,Slade Power (IRE),Sloane Square (UK),Teofilo (IRE),gelding,84.0,14.0,16.67%,18.0,21.43%,3.0,0.0,0.00%,0.0,0%,76.0,14.0,18.42%,18.0,23.68%,0.0,0.0,0%,0.0,0%,5.0,0.0,0.00%,0.0,0%
94028,2025-08-25,Active,183488,2025-08-26,Throne Hall,GB,8,bay,The Real Quiz,Kingman (UK),Appearance (UK),Galileo (IRE),gelding,54.0,6.0,11.11%,9.0,16.67%,9.0,0.0,0.00%,2.0,22.22%,34.0,4.0,11.76%,8.0,23.53%,0.0,0.0,0%,0.0,0%,11.0,2.0,18.18%,1.0,9.09%
94356,2025-08-25,Active,183496,2025-08-26,Dandys Angel,IRE,8,bay,Anthony Ross And David Lumley,Dandy Man (IRE),Party Pipit (IRE),Desert Party (USA),mare,83.0,11.0,13.25%,28.0,33.73%,6.0,0.0,0.00%,2.0,33.33%,77.0,11.0,14.29%,26.0,33.77%,0.0,0.0,0%,0.0,0%,0.0,0.0,0%,0.0,0%
94911,2025-08-25,Active,183501,2025-08-26,Dereham,GB,9,bay,Emma Berry,Sir Percy (UK),Desiree (IRE),Desert Story (IRE),gelding,36.0,5.0,13.89%,9.0,25.00%,7.0,0.0,0.00%,1.0,14.29%,29.0,5.0,17.24%,8.0,27.59%,0.0,0.0,0%,0.0,0%,0.0,0.0,0%,0.0,0%
95701,2025-08-25,Active,183515,2025-08-26,Curious Bride,IRE,8,bay,Sheoda Racing Partnership,Excelebration (IRE),Padma (UK),Three Valleys (USA),mare,50.0,5.0,10.00%,11.0,22.00%,16.0,0.0,0.00%,5.0,31.25%,26.0,4.0,15.38%,5.0,19.23%,0.0,0.0,0%,0.0,0%,8.0,1.0,12.50%,1.0,12.50%
95893,2025-08-25,Active,183515,2025-08-26,Zanahiyr,IRE,8,chestnut,Bective Stud,Nathaniel (IRE),Zariyna (IRE),Marju (IRE),gelding,36.0,8.0,22.22%,10.0,27.78%,0.0,0.0,0%,0.0,0%,7.0,1.0,14.29%,1.0,14.29%,8.0,2.0,25.00%,2.0,25.00%,21.0,5.0,23.81%,7.0,33.33%
97442,2025-08-25,Active,183510,2025-08-26,Navorrosse,IRE,8,bay,Joe Hanna,Worthadd (IRE),Just One Smile (IRE),Desert Prince (IRE),mare,53.0,3.0,5.66%,11.0,20.75%,9.0,0.0,0.00%,2.0,22.22%,44.0,3.0,6.82%,9.0,20.45%,0.0,0.0,0%,0.0,0%,0.0,0.0,0%,0.0,0%
98678,2025-08-25,Active,183510,2025-08-26,Jazz Dreamers,IRE,7,bay,Mrs Helen Butler & Gerard P O'Neill,Red Jazz (USA),Regal Ribbon (UK),Lawman (FR),gelding,37.0,3.0,8.11%,9.0,24.32%,6.0,0.0,0.00%,1.0,16.67%,31.0,3.0,9.68%,8.0,25.81%,0.0,0.0,0%,0.0,0%,0.0,0.0,0%,0.0,0%
100133,2025-08-25,Active,183509,2025-08-26,Leabaland,IRE,8,brown,Mrs S Lynch,Cappella Sansevero (UK),Adatara (IRE),Celtic Swing (UK),gelding,42.0,3.0,7.14%,7.0,16.67%,15.0,1.0,6.67%,5.0,33.33%,23.0,2.0,8.70%,2.0,8.70%,0.0,0.0,0%,0.0,0%,4.0,0.0,0.00%,0.0,0%
101261,2025-08-25,Active,183499,2025-08-26,Kats Bob,GB,7,chestnut,Colin Dorman And Tommy Dorman,Bobby's Kitten (USA),Dreaming Of Stella (IRE),Giant's Causeway (USA),gelding,66.0,12.0,18.18%,20.0,30.30%,20.0,5.0,25.00%,5.0,25.00%,46.0,7.0,15.22%,15.0,32.61%,0.0,0.0,0%,0.0,0%,0.0,0.0,0%,0.0,0%
102177,2025-08-25,Active,183509,2025-08-26,My Minervina,IRE,7,bay,Jason Trotter,Holy Roman Emperor (IRE),Are You Mine (IRE),Nayef (USA),mare,26.0,3.0,11.54%,7.0,26.92%,3.0,0.0,0.00%,2.0,66.67%,23.0,3.0,13.04%,5.0,21.74%,0.0,0.0,0%,0.0,0%,0.0,0.0,0%,0.0,0%
102846,2025-08-25,Active,183510,2025-08-26,The Bog Bank,IRE,8,bay,Hugh J O'Brien & Loughlin Flynn & J B Tolan,Epaulette (AUS),Theother Haaf (UK),Alhaarth (IRE),mare,83.0,7.0,8.43%,24.0,28.92%,40.0,2.0,5.00%,15.0,37.50%,43.0,5.0,11.63%,9.0,20.93%,0.0,0.0,0%,0.0,0%,0.0,0.0,0%,0.0,0%
104047,2025-08-25,Active,183510,2025-08-26,Dinamine,IRE,7,chestnut,Sean F Finnegan,Red Jazz (USA),Pardoned (IRE),Mujadil (USA),gelding,44.0,1.0,2.27%,12.0,27.27%,14.0,0.0,0.00%,2.0,14.29%,27.0,1.0,3.70%,10.0,37.04%,0.0,0.0,0%,0.0,0%,3.0,0.0,0.00%,0.0,0%
104558,2025-08-25,Active,183488,2025-08-26,Eagle One,GB,7,bay,Willy Twiston-Davies,Gleneagles (IRE),Gloryette (UK),Raven's Pass (USA),gelding,33.0,3.0,9.09%,13.0,39.39%,21.0,2.0,9.52%,8.0,38.10%,12.0,1.0,8.33%,5.0,41.67%,0.0,0.0,0%,0.0,0%,0.0,0.0,0%,0.0,0%
105411,2025-08-25,Active,183504,2025-08-26,Sixcor,GB,7,bay,Linda Perratt Racing,Sixties Icon (UK),Roccor (UK),Rock Of Gibraltar (IRE),gelding,82.0,8.0,9.76%,26.0,31.71%,15.0,1.0,6.67%,2.0,13.33%,67.0,7.0,10.45%,24.0,35.82%,0.0,0.0,0%,0.0,0%,0.0,0.0,0%,0.0,0%
105931,2025-08-25,Active,183509,2025-08-26,Plastic Paddy,GB,7,bay,Stephen Mcguinness,Buratino (IRE),Bereka (UK),Firebreak (UK),gelding,44.0,7.0,15.91%,13.0,29.55%,36.0,7.0,19.44%,11.0,30.56%,8.0,0.0,0.00%,2.0,25.00%,0.0,0.0,0%,0.0,0%,0.0,0.0,0%,0.0,0%
106417,2025-08-25,Active,183510,2025-08-26,Pinball Wizard,IRE,7,bay,Donal Mcardle/John Mcconnell Partnership,Dark Angel (IRE),Alsalwa (IRE),Nayef (USA),gelding,51.0,5.0,9.80%,16.0,31.37%,24.0,4.0,16.67%,7.0,29.17%,26.0,1.0,3.85%,9.0,34.62%,0.0,0.0,0%,0.0,0%,1.0,0.0,0.00%,0.0,0%
106497,2025-08-25,Active,183491,2025-08-26,Pablo Prince,GB,7,bay,Littleoak Racing,Outstrip (UK),French Accent (UK),Elnadim (USA),gelding,37.0,4.0,10.81%,10.0,27.03%,32.0,4.0,12.50%,9.0,28.13%,5.0,0.0,0.00%,1.0,20.00%,0.0,0.0,0%,0.0,0%,0.0,0.0,0%,0.0,0%
109105,2025-08-25,Active,183504,2025-08-26,Golden Rainbow,GB,6,bay,Holmfirth Racing,Havana Gold (IRE),Stereophonic (IRE),Acclamation (UK),gelding,52.0,8.0,15.38%,12.0,23.08%,25.0,5.0,20.00%,6.0,24.00%,27.0,3.0,11.11%,6.0,22.22%,0.0,0.0,0%,0.0,0%,0.0,0.0,0%,0.0,0%
110033,2025-08-25,Active,183495,2025-08-26,Mary Of Modena,GB,6,bay,Haxted Racing,Bated Breath (UK),Miss Chicane (UK),Refuse To Bend (IRE),filly,32.0,6.0,18.75%,8.0,25.00%,7.0,0.0,0.00%,2.0,28.57%,25.0,6.0,24.00%,6.0,24.00%,0.0,0.0,0%,0.0,0%,0.0,0.0,0%,0.0,0%
110356,2025-08-25,Active,183515,2025-08-26,Arch Enemy,IRE,6,g,Black Steel Square Syndicate,Alhebayeb (IRE),Pointed Arch (IRE),Rock Of Gibraltar (IRE),mare,36.0,4.0,11.11%,12.0,33.33%,1.0,0.0,0.00%,0.0,0%,28.0,3.0,10.71%,10.0,35.71%,0.0,0.0,0%,0.0,0%,7.0,1.0,14.29%,2.0,28.57%
110450,2025-08-25,Active,183494,2025-08-26,Ernies Valentine,GB,6,grey,The Bumblebees And Partners,Havana Gold (IRE),Eastern Destiny (UK),Dubai Destination (USA),gelding,41.0,6.0,14.63%,6.0,14.63%,24.0,5.0,20.83%,3.0,12.50%,17.0,1.0,5.88%,3.0,17.65%,0.0,0.0,0%,0.0,0%,0.0,0.0,0%,0.0,0%
110823,2025-08-25,Active,183491,2025-08-26,Nasim,GB,6,chestnut,M I Pattinson Racing,Galileo Gold (UK),Ashwaq (UK),Sepoy (AUS),gelding,43.0,4.0,9.30%,10.0,23.26%,31.0,3.0,9.68%,9.0,29.03%,11.0,1.0,9.09%,1.0,9.09%,1.0,0.0,0.00%,0.0,0%,0.0,0.0,0%,0.0,0%
112246,2025-08-25,Active,183500,2025-08-26,Pisanello,IRE,8,bay,Trendy Ladies,Raven's Pass (USA),Painting (IRE),Peintre Celebre (USA),gelding,42.0,4.0,9.52%,14.0,33.33%,1.0,0.0,0.00%,1.0,100.00%,41.0,4.0,9.76%,13.0,31.71%,0.0,0.0,0%,0.0,0%,0.0,0.0,0%,0.0,0%
112988,2025-08-25,Active,183513,2025-08-26,Aurora Nova,IRE,6,bay,Dreams Of Glory Racing Syndicate,Holy Roman Emperor (IRE),Novat (IRE),Tagula (IRE),mare,29.0,4.0,13.79%,7.0,24.14%,4.0,0.0,0.00%,2.0,50.00%,25.0,4.0,16.00%,5.0,20.00%,0.0,0.0,0%,0.0,0%,0.0,0.0,0%,0.0,0%
113269,2025-08-25,Active,183507,2025-08-26,Sophiesticate,IRE,6,bay,Ayr Racecourse Club,War Command (USA),Lenoire (UK),Galileo (IRE),filly,38.0,3.0,7.89%,13.0,34.21%,1.0,0.0,0.00%,0.0,0%,37.0,3.0,8.11%,13.0,35.14%,0.0,0.0,0%,0.0,0%,0.0,0.0,0%,0.0,0%
113372,2025-08-25,Active,183488,2025-08-26,Moel Arthur,USA,7,bay,Kestonracingclub,Flintshire (UK),Quest to Peak (USA),Distant View (USA),gelding,22.0,2.0,9.09%,10.0,45.45%,18.0,2.0,11.11%,7.0,38.89%,4.0,0.0,0.00%,3.0,75.00%,0.0,0.0,0%,0.0,0%,0.0,0.0,0%,0.0,0%
113808,2025-08-25,Active,183510,2025-08-26,Drish Melody,IRE,6,bay,Barry Davis,Galileo Gold (UK),Flashing Blade (UK),Inchinor (UK),filly,22.0,2.0,9.09%,1.0,4.55%,7.0,1.0,14.29%,0.0,0%,15.0,1.0,6.67%,1.0,6.67%,0.0,0.0,0%,0.0,0%,0.0,0.0,0%,0.0,0%
114088,2025-08-25,Active,183505,2025-08-26,Without Delay,IRE,6,chestnut,Mr W J Laws,Decorated Knight (UK),Apace (IRE),Oasis Dream (UK),mare,43.0,5.0,11.63%,11.0,25.58%,4.0,0.0,0.00%,1.0,25.00%,39.0,5.0,12.82%,10.0,25.64%,0.0,0.0,0%,0.0,0%,0.0,0.0,0%,0.0,0%
114770,2025-08-25,Active,183500,2025-08-26,Clear Angel,GB,7,bay,Castle View Racing,Dark Angel (IRE),Calypso Beat (USA),Speightstown (USA),gelding,32.0,4.0,12.50%,12.0,37.50%,14.0,1.0,7.14%,6.0,42.86%,18.0,3.0,16.67%,6.0,33.33%,0.0,0.0,0%,0.0,0%,0.0,0.0,0%,0.0,0%
115040,2025-08-25,Active,183501,2025-08-26,Team Endeavour,GB,6,bay,Mrs Allison Stamper,Bated Breath (UK),Olympic Medal (UK),Nayef (USA),gelding,22.0,1.0,4.55%,5.0,22.73%,8.0,0.0,0.00%,4.0,50.00%,11.0,1.0,9.09%,1.0,9.09%,0.0,0.0,0%,0.0,0%,3.0,0.0,0.00%,0.0,0%
115653,2025-08-25,Active,183507,2025-08-26,Star Of Markinch,IRE,9,bay,Mr Richard Chapman,Watar (IRE),Gibboghstown (IRE),Second Empire (IRE),mare,34.0,0.0,0%,4.0,11.76%,7.0,0.0,0.00%,3.0,42.86%,20.0,0.0,0.00%,4.0,20.00%,0.0,0.0,0%,0.0,0%,7.0,0.0,0.00%,1.0,14.29%
117112,2025-08-25,Active,183505,2025-08-26,Scarriff,IRE,7,chestnut,Mr Gerry Mcgladery,Dandy Man (IRE),Maria Milena (UK),Stravinsky (USA),filly,22.0,2.0,9.09%,6.0,27.27%,3.0,0.0,0.00%,1.0,33.33%,19.0,2.0,10.53%,5.0,26.32%,0.0,0.0,0%,0.0,0%,0.0,0.0,0%,0.0,0%
117231,2025-08-25,Active,183515,2025-08-26,Baltic Bird,GB,6,bay,William Durkan,Frankel (UK),Baltic Baroness (GER),Shamardal (USA),gelding,27.0,4.0,14.81%,6.0,22.22%,0.0,0.0,0%,0.0,0%,11.0,1.0,9.09%,3.0,27.27%,2.0,1.0,50.00%,0.0,0%,14.0,2.0,14.29%,3.0,21.43%
117612,2025-08-25,Active,183499,2025-08-26,The Green Man,IRE,6,bay,The Dalby Family & Partners,Acclamation (UK),Lydia Becker (UK),Sleeping Indian (UK),gelding,34.0,4.0,11.76%,11.0,32.35%,11.0,1.0,9.09%,5.0,45.45%,23.0,3.0,13.04%,6.0,26.09%,0.0,0.0,0%,0.0,0%,0.0,0.0,0%,0.0,0%
118371,2025-08-25,Active,183509,2025-08-26,Distillate,GB,5,chestnut,Mark Devlin & Nigel O'Hare & Philip Smith,Havana Grey (UK),Dolly Colman (IRE),Diamond Green (FR),filly,68.0,5.0,7.35%,17.0,25.00%,12.0,1.0,8.33%,6.0,50.00%,56.0,4.0,7.14%,11.0,19.64%,0.0,0.0,0%,0.0,0%,0.0,0.0,0%,0.0,0%
118590,2025-08-25,Active,183509,2025-08-26,Drafted,IRE,5,bay,James M Flaherty,Showcasing (UK),Flower Fashion (FR),Flower Alley (USA),gelding,24.0,2.0,8.33%,9.0,37.50%,12.0,2.0,16.67%,5.0,41.67%,12.0,0.0,0.00%,4.0,33.33%,0.0,0.0,0%,0.0,0%,0.0,0.0,0%,0.0,0%
118893,2025-08-25,Active,183510,2025-08-26,Boomerang Bill,IRE,6,bay,Adrian Sexton,Awtaad (IRE),Charlotte Rua (IRE),Redback (UK),gelding,17.0,0.0,0%,2.0,11.76%,5.0,0.0,0.00%,1.0,20.00%,12.0,0.0,0.00%,1.0,8.33%,0.0,0.0,0%,0.0,0%,0.0,0.0,0%,0.0,0%
118990,2025-08-25,Active,183491,2025-08-26,Pending Appeal,GB,5,bay,Dr M Voikhansky & Mrs S Voikhanskaya,Lawman (FR),Influent (IRE),Shamardal (USA),mare,24.0,1.0,4.17%,7.0,29.17%,11.0,0.0,0.00%,6.0,54.55%,13.0,1.0,7.69%,1.0,7.69%,0.0,0.0,0%,0.0,0%,0.0,0.0,0%,0.0,0%
119083,2025-08-25,Active,183509,2025-08-26,Nibras Rainbow,IRE,5,bay,Mind Your Own Business Syndicate,U S Navy Flag (USA),Show Rainbow (UK),Haafhd (UK),gelding,38.0,3.0,7.89%,9.0,23.68%,15.0,1.0,6.67%,6.0,40.00%,22.0,2.0,9.09%,3.0,13.64%,0.0,0.0,0%,0.0,0%,1.0,0.0,0.00%,0.0,0%
119097,2025-08-25,Active,183510,2025-08-26,Hastily,GB,6,bay,Stephen Mcguinness,Charm Spirit (IRE),Likely (GER),Exceed and Excel (AUS),filly,38.0,4.0,10.53%,4.0,10.53%,9.0,1.0,11.11%,2.0,22.22%,26.0,3.0,11.54%,2.0,7.69%,0.0,0.0,0%,0.0,0%,3.0,0.0,0.00%,0.0,0%
119416,2025-08-25,Active,183501,2025-08-26,Regally Blonde,GB,6,chestnut,Case Racing Partnership & Anita J Lush,Mukhadram (UK),Jolie Blonde (UK),Sir Percy (UK),filly,30.0,1.0,3.33%,9.0,30.00%,3.0,0.0,0.00%,1.0,33.33%,12.0,1.0,8.33%,6.0,50.00%,1.0,0.0,0.00%,0.0,0%,14.0,0.0,0.00%,2.0,14.29%
119523,2025-08-25,Active,183515,2025-08-26,Molly Hall,IRE,7,g,P R Dowling & Ms L R Dowling,Parish Hall (IRE),Holy Matrimony (IRE),Holy Roman Emperor (IRE),mare,20.0,5.0,25.00%,2.0,10.00%,1.0,0.0,0.00%,0.0,0%,16.0,5.0,31.25%,2.0,12.50%,0.0,0.0,0%,0.0,0%,3.0,0.0,0.00%,2.0,66.67%
119769,2025-08-25,Active,183496,2025-08-26,Bay Dream Believer,IRE,6,bay,Ursa Major Racing Ltd & Partner,New Bay (UK),Arabescatta (UK),Monsun (GER),filly,35.0,5.0,14.29%,8.0,22.86%,6.0,0.0,0.00%,0.0,0%,29.0,5.0,17.24%,8.0,27.59%,0.0,0.0,0%,0.0,0%,0.0,0.0,0%,0.0,0%
119784,2025-08-25,Active,183509,2025-08-26,Haughty,GB,5,bay,R Mathew,Adaay (IRE),So Hoity Toity (UK),Harbour Watch (IRE),filly,14.0,1.0,7.14%,2.0,14.29%,3.0,0.0,0.00%,1.0,33.33%,9.0,1.0,11.11%,2.0,22.22%,0.0,0.0,0%,0.0,0%,2.0,0.0,0.00%,0.0,0%
120250,2025-08-25,Active,183513,2025-08-26,Escaping Thejungle,IRE,5,bay,Alan Delany,Bungle Inthejungle (UK),Clodilla (IRE),Clodovil (IRE),filly,14.0,2.0,14.29%,5.0,35.71%,2.0,0.0,0.00%,1.0,50.00%,12.0,2.0,16.67%,4.0,33.33%,0.0,0.0,0%,0.0,0%,0.0,0.0,0%,0.0,0%
120290,2025-08-25,Active,183510,2025-08-26,Master Garvey,IRE,5,bay,Patrick M O'Brien & Larry Murray & Richard W Walsh & Derek Cummins,Dragon Pulse (IRE),Free Lance (IRE),Grand Lodge (USA),gelding,40.0,2.0,5.00%,12.0,30.00%,13.0,1.0,7.69%,3.0,23.08%,27.0,1.0,3.70%,9.0,33.33%,0.0,0.0,0%,0.0,0%,0.0,0.0,0%,0.0,0%
120301,2025-08-25,Active,183507,2025-08-26,Rory The Cat,IRE,5,chestnut,The Cool Cats,Starspangledbanner (AUS),Obligada (IRE),Beat Hollow (UK),gelding,35.0,5.0,14.29%,10.0,28.57%,2.0,0.0,0.00%,1.0,50.00%,25.0,3.0,12.00%,9.0,36.00%,0.0,0.0,0%,0.0,0%,8.0,2.0,25.00%,1.0,12.50%
120375,2025-08-25,Active,183505,2025-08-26,Zebra Star,IRE,5,grey,Loudoun Zebras,Gregorian (IRE),Queen Zain (IRE),Lawman (FR),filly,36.0,3.0,8.33%,7.0,19.44%,9.0,0.0,0.00%,1.0,11.11%,27.0,3.0,11.11%,6.0,22.22%,0.0,0.0,0%,0.0,0%,0.0,0.0,0%,0.0,0%
121141,2025-08-25,Active,183491,2025-08-26,Sir Laurence Graff,IRE,5,bay,Chelsea Banham Pre Training Ltd,Galileo (IRE),Daldiyna (FR),Dansili (UK),gelding,33.0,2.0,6.06%,9.0,27.27%,22.0,2.0,9.09%,4.0,18.18%,11.0,0.0,0.00%,5.0,45.45%,0.0,0.0,0%,0.0,0%,0.0,0.0,0%,0.0,0%
121276,2025-08-25,Active,183501,2025-08-26,Sea Master,GB,5,chestnut,Mr Peter Ward,Sea The Stars (IRE),Altesse (UK),Hernando (FR),colt,17.0,1.0,5.88%,1.0,5.88%,4.0,0.0,0.00%,2.0,50.00%,13.0,1.0,7.69%,1.0,7.69%,0.0,0.0,0%,0.0,0%,0.0,0.0,0%,0.0,0%
121599,2025-08-25,Active,183500,2025-08-26,Dumfries,GB,5,bay,"Buist, Shields, Thompson And Mrs R Car",Cityscape (UK),Milldale (UK),Bushranger (IRE),gelding,31.0,4.0,12.90%,7.0,22.58%,12.0,1.0,8.33%,3.0,25.00%,19.0,3.0,15.79%,4.0,21.05%,0.0,0.0,0%,0.0,0%,0.0,0.0,0%,0.0,0%
121833,2025-08-25,Active,183510,2025-08-26,La Tulipe Noire,IRE,5,bay,Aengus King,Berkshire (IRE),Ambermaryrose (IRE),Cape Cross (IRE),filly,31.0,1.0,3.23%,3.0,9.68%,6.0,1.0,16.67%,0.0,0%,18.0,0.0,0.00%,3.0,16.67%,1.0,0.0,0.00%,0.0,0%,6.0,0.0,0.00%,0.0,0%
121895,2025-08-25,Active,183494,2025-08-26,Daisy Roots,GB,5,bay,Ownaracehorse And J R Boyle,Footstepsinthesand (UK),Cambridge Duchess (UK),Singspiel (IRE),filly,30.0,5.0,16.67%,11.0,36.67%,15.0,1.0,6.67%,6.0,40.00%,15.0,4.0,26.67%,5.0,33.33%,0.0,0.0,0%,0.0,0%,0.0,0.0,0%,0.0,0%
123122,2025-08-25,Active,183509,2025-08-26,Ledger,IRE,5,bay,Miss K Mcneilly,Profitable (IRE),Kathy Glory (IRE),Epaulette (AUS),gelding,30.0,4.0,13.33%,5.0,16.67%,14.0,2.0,14.29%,3.0,21.43%,16.0,2.0,12.50%,2.0,12.50%,0.0,0.0,0%,0.0,0%,0.0,0.0,0%,0.0,0%
124417,2025-08-25,Active,183501,2025-08-26,Lillistar,GB,5,grey,Mr John Sidebottom & Mrs Kate Sidebott,Zoustar (AUS),Langlauf (USA),Raven's Pass (USA),filly,19.0,0.0,0%,4.0,21.05%,6.0,0.0,0.00%,0.0,0%,6.0,0.0,0.00%,1.0,16.67%,0.0,0.0,0%,0.0,0%,7.0,0.0,0.00%,3.0,42.86%
124805,2025-08-25,Active,183504,2025-08-26,Beaumadier,IRE,5,bay,Mr Ben Parish,Kuroshio (AUS),Bird of Light (IRE),Elnadim (USA),gelding,26.0,1.0,3.85%,6.0,23.08%,9.0,1.0,11.11%,1.0,11.11%,17.0,0.0,0.00%,5.0,29.41%,0.0,0.0,0%,0.0,0%,0.0,0.0,0%,0.0,0%
124920,2025-08-25,Active,183499,2025-08-26,Wreck It Ryley,IRE,5,grey,Mr A J Smith,Gutaifan (IRE),Bucks Frizz (IRE),Havana Gold (IRE),gelding,37.0,4.0,10.81%,15.0,40.54%,8.0,1.0,12.50%,6.0,75.00%,29.0,3.0,10.34%,9.0,31.03%,0.0,0.0,0%,0.0,0%,0.0,0.0,0%,0.0,0%
125290,2025-08-25,Active,183499,2025-08-26,Woodstock,GB,5,bay,Miss Vanessa Church & Mr Toby Brereton,Sixties Icon (UK),Isabella Bird (UK),Invincible Spirit (IRE),gelding,21.0,3.0,14.29%,4.0,19.05%,5.0,1.0,20.00%,1.0,20.00%,16.0,2.0,12.50%,4.0,25.00%,0.0,0.0,0%,0.0,0%,0.0,0.0,0%,0.0,0%
125445,2025-08-25,Active,183509,2025-08-26,Zero Fighter,IRE,5,bay,Mrs Lisa Delany & Mrs Tahnee Grant,Muhaarar (UK),Kasayid (IRE),Pivotal (UK),gelding,31.0,2.0,6.45%,3.0,9.68%,14.0,0.0,0.00%,3.0,21.43%,11.0,2.0,18.18%,2.0,18.18%,0.0,0.0,0%,0.0,0%,6.0,0.0,0.00%,1.0,16.67%
125532,2025-08-25,Active,183514,2025-08-26,Ballerina Boxer,IRE,7,bay,Niamh Harvey,Shirocco (GER),One Can Cally (IRE),Scorpion (IRE),mare,20.0,1.0,5.00%,1.0,5.00%,0.0,0.0,0%,0.0,0%,3.0,0.0,0.00%,1.0,33.33%,1.0,0.0,0.00%,0.0,0%,16.0,1.0,6.25%,1.0,6.25%
125960,2025-08-25,Active,183509,2025-08-26,So Messi,IRE,5,chestnut,N A Crahan,Gustav Klimt (IRE),Junia Tepzia (IRE),Rock Of Gibraltar (IRE),gelding,21.0,0.0,0%,5.0,23.81%,2.0,0.0,0.00%,0.0,0%,16.0,0.0,0.00%,5.0,31.25%,0.0,0.0,0%,0.0,0%,3.0,0.0,0.00%,0.0,0%
126664,2025-08-25,Active,183494,2025-08-26,Bint Havana Gold,GB,4,bay,Alan & Christine Bright And John Henwo,Havana Gold (IRE),Wings Ablaze (IRE),Dark Angel (IRE),filly,25.0,4.0,16.00%,10.0,40.00%,19.0,4.0,21.05%,10.0,52.63%,6.0,0.0,0.00%,2.0,33.33%,0.0,0.0,0%,0.0,0%,0.0,0.0,0%,0.0,0%
126676,2025-08-25,Active,183510,2025-08-26,Famous Enough,IRE,5,brown,P Meany,Elzaam (AUS),Enough Is Enough (IRE),Pyrus (USA),gelding,17.0,1.0,5.88%,2.0,11.76%,2.0,0.0,0.00%,0.0,0%,15.0,1.0,6.67%,2.0,13.33%,0.0,0.0,0%,0.0,0%,0.0,0.0,0%,0.0,0%
126751,2025-08-25,Active,183513,2025-08-26,Velvet Skies,IRE,4,chestnut,F A Mcnulty,Buratino (IRE),Gasta (IRE),Vocalised (USA),colt,34.0,2.0,5.88%,9.0,26.47%,12.0,1.0,8.33%,4.0,33.33%,22.0,1.0,4.55%,5.0,22.73%,0.0,0.0,0%,0.0,0%,0.0,0.0,0%,0.0,0%
126915,2025-08-25,Active,183505,2025-08-26,Selbys Joy,GB,5,bay,Alison Johnson,Massaat (IRE),Vibrant (UK),Pivotal (UK),filly,16.0,0.0,0%,2.0,12.50%,1.0,0.0,0.00%,0.0,0%,15.0,0.0,0.00%,2.0,13.33%,0.0,0.0,0%,0.0,0%,0.0,0.0,0%,0.0,0%
127566,2025-08-25,Active,183495,2025-08-26,Mammy,GB,4,chestnut,Watts & Spooner,Bated Breath (UK),Ascended (IRE),Dark Angel (IRE),filly,20.0,1.0,5.00%,5.0,25.00%,7.0,1.0,14.29%,2.0,28.57%,13.0,0.0,0.00%,3.0,23.08%,0.0,0.0,0%,0.0,0%,0.0,0.0,0%,0.0,0%
127586,2025-08-25,Active,183500,2025-08-26,Jesmond Dawn,IRE,4,bay,The Weighting Game,Dawn Approach (IRE),Strapless (IRE),Whipper (USA),gelding,21.0,2.0,9.52%,5.0,23.81%,3.0,0.0,0.00%,1.0,33.33%,18.0,2.0,11.11%,5.0,27.78%,0.0,0.0,0%,0.0,0%,0.0,0.0,0%,0.0,0%
127726,2025-08-25,Active,183501,2025-08-26,Queensland Boy,IRE,5,bay,Letsgiveitago,Australia (UK),Queen of France (USA),Danehill (USA),gelding,26.0,4.0,15.38%,4.0,15.38%,14.0,2.0,14.29%,2.0,14.29%,11.0,2.0,18.18%,2.0,18.18%,0.0,0.0,0%,0.0,0%,1.0,0.0,0.00%,0.0,0%
127734,2025-08-25,Active,183504,2025-08-26,Ski Angel,GB,5,bay,Riverside Racing,Harry Angel (IRE),Excelette (IRE),Exceed and Excel (AUS),mare,34.0,5.0,14.71%,5.0,14.71%,1.0,0.0,0.00%,0.0,0%,33.0,5.0,15.15%,5.0,15.15%,0.0,0.0,0%,0.0,0%,0.0,0.0,0%,0.0,0%
128099,2025-08-25,,183505,2025-08-26,Overlooked,IRE,4,bay,Miss H Bethell,Dark Angel (IRE),Ceilidhs Dream (UK),Oasis Dream (UK),colt,19.0,0.0,0%,2.0,10.53%,6.0,0.0,0.00%,3.0,50.00%,13.0,0.0,0.00%,2.0,15.38%,0.0,0.0,0%,0.0,0%,0.0,0.0,0%,0.0,0%
128658,2025-08-25,,183495,2025-08-26,Phoenix Moon,IRE,4,grey,Keeper's 12,Phoenix Of Spain (IRE),Meetyouatthemoon (IRE),Excelebration (IRE),filly,15.0,2.0,13.33%,2.0,13.33%,9.0,2.0,22.22%,2.0,22.22%,6.0,0.0,0.00%,0.0,0%,0.0,0.0,0%,0.0,0%,0.0,0.0,0%,0.0,0%
129592,2025-08-25,,183509,2025-08-26,Roman Harry,IRE,5,bay,Lucky Fifteen Syndicate,Harry Angel (IRE),Brooklyn's Rose (IRE),Holy Roman Emperor (IRE),gelding,29.0,1.0,3.45%,7.0,24.14%,6.0,1.0,16.67%,2.0,33.33%,22.0,0.0,0.00%,5.0,22.73%,0.0,0.0,0%,0.0,0%,1.0,0.0,0.00%,0.0,0%
129633,2025-08-25,,183505,2025-08-26,On The Bubble,GB,4,bay,Nathan Mill & Gary Rutherford,Land Force (IRE),O Fourlunda (UK),Halling (USA),filly,24.0,2.0,8.33%,1.0,4.17%,6.0,0.0,0.00%,0.0,0%,15.0,1.0,6.67%,1.0,6.67%,0.0,0.0,0%,0.0,0%,3.0,1.0,33.33%,0.0,0%
129643,2025-08-25,,183499,2025-08-26,Speeding Bullet,IRE,4,bay,Slaters Arms Racing And Ged Shields,Inns Of Court (IRE),Shoshoni Wind (UK),Sleeping Indian (UK),colt,15.0,2.0,13.33%,3.0,20.00%,5.0,0.0,0.00%,1.0,20.00%,10.0,2.0,20.00%,2.0,20.00%,0.0,0.0,0%,0.0,0%,0.0,0.0,0%,0.0,0%
129774,2025-08-25,,183500,2025-08-26,Bowood,GB,5,bay,Making Headway Racing & Star Racing,Siyouni (FR),Pretty Paper (IRE),Medaglia d'Oro (USA),gelding,32.0,3.0,9.38%,9.0,28.13%,14.0,0.0,0.00%,8.0,57.14%,18.0,3.0,16.67%,1.0,5.56%,0.0,0.0,0%,0.0,0%,0.0,0.0,0%,0.0,0%
129852,2025-08-25,,183502,2025-08-26,Toralou,IRE,4,bay,Mike Harris Racing Club,U S Navy Flag (USA),By Jupiter (UK),Sea The Stars (IRE),filly,6.0,0.0,0%,4.0,66.67%,2.0,0.0,0.00%,1.0,50.00%,4.0,0.0,0.00%,3.0,75.00%,0.0,0.0,0%,0.0,0%,0.0,0.0,0%,0.0,0%
129873,2025-08-25,,183494,2025-08-26,Flag Carrier,IRE,4,bay,Slow Horses,Starspangledbanner (AUS),Evies Wish (IRE),Holy Roman Emperor (IRE),colt,24.0,2.0,8.33%,8.0,33.33%,16.0,2.0,12.50%,3.0,18.75%,8.0,0.0,0.00%,5.0,62.50%,0.0,0.0,0%,0.0,0%,0.0,0.0,0%,0.0,0%
130197,2025-08-25,,183495,2025-08-26,Gogo Yubari,GB,4,bay,Netflow Consulting Ltd,Havana Grey (UK),Clouds Rest (UK),Showcasing (UK),filly,37.0,6.0,16.22%,8.0,21.62%,28.0,5.0,17.86%,6.0,21.43%,9.0,1.0,11.11%,2.0,22.22%,0.0,0.0,0%,0.0,0%,0.0,0.0,0%,0.0,0%
131179,2025-08-25,,183504,2025-08-26,Jamies Choice,GB,5,bay,Mr J Thompson,Peace Envoy (FR),Oh Happy Days (IRE),Galileo (IRE),filly,17.0,2.0,11.76%,3.0,17.65%,3.0,0.0,0.00%,0.0,0%,14.0,2.0,14.29%,3.0,21.43%,0.0,0.0,0%,0.0,0%,0.0,0.0,0%,0.0,0%
131308,2025-08-25,,183491,2025-08-26,Sneaky Blinder,FR,4,bay,M Duthie & T Moynihan,Magna Grecia (IRE),Nouvelle Voie (FR),Olympic Glory (IRE),gelding,29.0,3.0,10.34%,4.0,13.79%,13.0,2.0,15.38%,2.0,15.38%,15.0,1.0,6.67%,2.0,13.33%,0.0,0.0,0%,0.0,0%,1.0,0.0,0.00%,0.0,0%
131474,2025-08-25,,183510,2025-08-26,La La Lucrative,IRE,4,bay,S Gillen,Profitable (IRE),Ohh Lala (IRE),Clodovil (IRE),gelding,20.0,2.0,10.00%,3.0,15.00%,0.0,0.0,0%,0.0,0%,20.0,2.0,10.00%,3.0,15.00%,0.0,0.0,0%,0.0,0%,0.0,0.0,0%,0.0,0%
131607,2025-08-25,,183496,2025-08-26,Triple Force,GB,4,bay,Mr David K Barker,Land Force (IRE),Triple Star (UK),Royal Applause (UK),gelding,21.0,2.0,9.52%,7.0,33.33%,10.0,0.0,0.00%,4.0,40.00%,11.0,2.0,18.18%,3.0,27.27%,0.0,0.0,0%,0.0,0%,0.0,0.0,0%,0.0,0%
131738,2025-08-25,,183513,2025-08-26,Rappell,IRE,4,chestnut,P Mcguire & Neal Flynn,Soldier's Call (UK),Spinning Lucy (IRE),Spinning World (USA),gelding,19.0,3.0,15.79%,4.0,21.05%,0.0,0.0,0%,0.0,0%,19.0,3.0,15.79%,4.0,21.05%,0.0,0.0,0%,0.0,0%,0.0,0.0,0%,0.0,0%
131776,2025-08-25,,183515,2025-08-26,Messerschmitt,IRE,4,bay,Anthony O'Gorman,Kessaar (IRE),Drifting Spirit (IRE),Clodovil (IRE),gelding,14.0,2.0,14.29%,1.0,7.14%,0.0,0.0,0%,0.0,0%,8.0,1.0,12.50%,4.0,50.00%,0.0,0.0,0%,0.0,0%,6.0,1.0,16.67%,1.0,16.67%
132419,2025-08-25,,183494,2025-08-26,Bella Bisbee,GB,4,bay,Nikki Turner,Muhaarar (UK),Sterling Sound (USA),Street Cry (IRE),filly,20.0,3.0,15.00%,3.0,15.00%,7.0,2.0,28.57%,1.0,14.29%,13.0,1.0,7.69%,2.0,15.38%,0.0,0.0,0%,0.0,0%,0.0,0.0,0%,0.0,0%
132833,2025-08-25,,183488,2025-08-26,Sun Dancer Girl,FR,4,bay,The Fob Racing Partnership 11,Dabirsim (FR),Quemada (IRE),Teofilo (IRE),filly,22.0,4.0,18.18%,4.0,18.18%,18.0,3.0,16.67%,4.0,22.22%,3.0,1.0,33.33%,1.0,33.33%,0.0,0.0,0%,0.0,0%,1.0,0.0,0.00%,0.0,0%
133033,2025-08-25,,183509,2025-08-26,Arthur Rose,IRE,4,brown,C F Harrington,Blue Point. (IRE),Ridge Ranger (IRE),Bushranger (IRE),filly,12.0,0.0,0%,1.0,8.33%,3.0,0.0,0.00%,1.0,33.33%,9.0,0.0,0.00%,0.0,0%,0.0,0.0,0%,0.0,0%,0.0,0.0,0%,0.0,0%
133129,2025-08-25,,183513,2025-08-26,Fair Taxes,IRE,4,bay,Mrs Noeleen Mccreevy & James Mccreevy & Peter Mccreevy & Jack Mccreevy,Exceed and Excel (AUS),Oriental Song (IRE),Shamardal (USA),gelding,12.0,2.0,16.67%,4.0,33.33%,4.0,0.0,0.00%,2.0,50.00%,8.0,2.0,25.00%,2.0,25.00%,0.0,0.0,0%,0.0,0%,0.0,0.0,0%,0.0,0%
133536,2025-08-25,,183496,2025-08-26,Woodstock City,GB,5,bay,Not One But Two,Churchill (IRE),White Witch (USA),Invincible Spirit (IRE),gelding,22.0,1.0,4.55%,4.0,18.18%,6.0,0.0,0.00%,1.0,16.67%,13.0,1.0,7.69%,2.0,15.38%,0.0,0.0,0%,0.0,0%,3.0,0.0,0.00%,1.0,33.33%
134001,2025-08-25,,183507,2025-08-26,Naughty Niall,GB,4,bay,Mr Jayant Pindolia,Oasis Dream (UK),Always A Drama (IRE),Red Jazz (USA),gelding,16.0,2.0,12.50%,4.0,25.00%,9.0,1.0,11.11%,1.0,11.11%,7.0,1.0,14.29%,3.0,42.86%,0.0,0.0,0%,0.0,0%,0.0,0.0,0%,0.0,0%
134042,2025-08-25,,183491,2025-08-26,Mond,GER,7,chestnut,Mr John Joseph Smith,Sea The Moon (GER),Maricel (GER),Silvano (GER),gelding,13.0,0.0,0%,1.0,7.69%,8.0,0.0,0.00%,1.0,12.50%,5.0,0.0,0.00%,0.0,0%,0.0,0.0,0%,0.0,0%,0.0,0.0,0%,0.0,0%
134106,2025-08-25,,183494,2025-08-26,Thorntonledale Max,GB,4,bay,Mr A M Pickering,Cityscape (UK),Primrose Valley (UK),Pastoral Pursuits (UK),gelding,13.0,1.0,7.69%,3.0,23.08%,12.0,1.0,8.33%,3.0,25.00%,1.0,0.0,0.00%,0.0,0%,0.0,0.0,0%,0.0,0%,0.0,0.0,0%,0.0,0%
134246,2025-08-25,,183499,2025-08-26,Raffles Angel,GB,4,brown,The Raffles Syndicate,Harry Angel (IRE),L'eglise (UK),Le Havre (IRE),filly,13.0,4.0,30.77%,1.0,7.69%,5.0,0.0,0.00%,1.0,20.00%,8.0,4.0,50.00%,1.0,12.50%,0.0,0.0,0%,0.0,0%,0.0,0.0,0%,0.0,0%
134323,2025-08-25,,183494,2025-08-26,King David,IRE,4,grey,The Honorable Earle I Mack,Exceed and Excel (AUS),Lady Rosamunde (UK),Maria's Mon (USA),colt,11.0,1.0,9.09%,4.0,36.36%,9.0,1.0,11.11%,4.0,44.44%,2.0,0.0,0.00%,0.0,0%,0.0,0.0,0%,0.0,0%,0.0,0.0,0%,0.0,0%
135147,2025-08-25,,183496,2025-08-26,Time Tested,GB,4,bay,The Raceology Partnership,Time Test (UK),Luzia (UK),Cape Cross (IRE),colt,10.0,4.0,40.00%,2.0,20.00%,6.0,3.0,50.00%,1.0,16.67%,4.0,1.0,25.00%,1.0,25.00%,0.0,0.0,0%,0.0,0%,0.0,0.0,0%,0.0,0%
135534,2025-08-25,,183506,2025-08-26,Law Degree,IRE,3,bay,Alaw,Inns Of Court (IRE),Virtually (UK),Virtual (UK),gelding,20.0,2.0,10.00%,4.0,20.00%,0.0,0.0,0%,0.0,0%,20.0,2.0,10.00%,4.0,20.00%,0.0,0.0,0%,0.0,0%,0.0,0.0,0%,0.0,0%
135603,2025-08-25,,183510,2025-08-26,Marks One,IRE,4,bay,Michael John Doran,Kuroshio (AUS),Two Marks (USA),Woodman (USA),gelding,12.0,0.0,0%,1.0,8.33%,1.0,0.0,0.00%,0.0,0%,11.0,0.0,0.00%,1.0,9.09%,0.0,0.0,0%,0.0,0%,0.0,0.0,0%,0.0,0%
135685,2025-08-25,,183493,2025-08-26,Bretton Wood,GB,3,bay,Mr Malih L Al Basti,Frankel (UK),Pretty Pollyanna (UK),Oasis Dream (UK),colt,10.0,0.0,0%,1.0,10.00%,2.0,0.0,0.00%,1.0,50.00%,8.0,0.0,0.00%,3.0,37.50%,0.0,0.0,0%,0.0,0%,0.0,0.0,0%,0.0,0%
136235,2025-08-25,,183504,2025-08-26,Doralee,GB,4,bay,Albion Racing,Swiss Spirit (UK),Jofranka (UK),Paris House (UK),filly,10.0,1.0,10.00%,1.0,10.00%,1.0,0.0,0.00%,0.0,0%,9.0,1.0,11.11%,1.0,11.11%,0.0,0.0,0%,0.0,0%,0.0,0.0,0%,0.0,0%
136254,2025-08-25,,183506,2025-08-26,Bantz,IRE,3,bay,Tony Smith / Paul Demilow,Kodiac (UK),Shifting (IRE),Oratorio (IRE),colt,21.0,2.0,9.52%,6.0,28.57%,12.0,1.0,8.33%,4.0,33.33%,9.0,1.0,11.11%,2.0,22.22%,0.0,0.0,0%,0.0,0%,0.0,0.0,0%,0.0,0%
136625,2025-08-25,,183509,2025-08-26,Sayfa Fad,IRE,4,bay,David Bean & Des Fitzgerald,Galileo Gold (UK),River Sands (UK),Kingman (UK),filly,13.0,0.0,0%,1.0,7.69%,3.0,0.0,0.00%,0.0,0%,10.0,0.0,0.00%,1.0,10.00%,0.0,0.0,0%,0.0,0%,0.0,0.0,0%,0.0,0%
136784,2025-08-25,,183488,2025-08-26,Tango Sunset,IRE,4,chestnut,Mrs Brigitte Goersch & Joe Bear Racing,Footstepsinthesand (UK),Shesha Bear (UK),Tobougg (IRE),filly,8.0,0.0,0%,1.0,12.50%,5.0,0.0,0.00%,1.0,20.00%,3.0,0.0,0.00%,0.0,0%,0.0,0.0,0%,0.0,0%,0.0,0.0,0%,0.0,0%
136846,2025-08-25,,183492,2025-08-26,Muy Muy Loco,IRE,3,grey,Mr Robert Moss,Phoenix Of Spain (IRE),Suddenly (GER),Excelebration (IRE),gelding,9.0,0.0,0%,2.0,22.22%,5.0,0.0,0.00%,1.0,20.00%,4.0,0.0,0.00%,1.0,25.00%,0.0,0.0,0%,0.0,0%,0.0,0.0,0%,0.0,0%
136976,2025-08-25,,183510,2025-08-26,Mythical Rock,IRE,4,brown,Dorothy Heffernan,Rock Of Gibraltar (IRE),Valanisi (IRE),Kalanisi (IRE),colt,17.0,0.0,0%,8.0,47.06%,4.0,0.0,0.00%,3.0,75.00%,13.0,0.0,0.00%,5.0,38.46%,0.0,0.0,0%,0.0,0%,0.0,0.0,0%,0.0,0%
136995,2025-08-25,,183513,2025-08-26,Brigids Cloak,GB,3,bay,Nick Bradley Racing Club,Havana Grey (UK),Freckles (UK),Arakan (USA),filly,18.0,2.0,11.11%,4.0,22.22%,5.0,1.0,20.00%,2.0,40.00%,13.0,1.0,7.69%,2.0,15.38%,0.0,0.0,0%,0.0,0%,0.0,0.0,0%,0.0,0%
137031,2025-08-25,,183499,2025-08-26,Cairdeas,GB,3,chestnut,Mr Colin Alton & Mr P T Midgley,Sergei Prokofiev (CAN),Avengers Queen (UK),Brazen Beau (AUS),colt,11.0,1.0,9.09%,2.0,18.18%,1.0,0.0,0.00%,0.0,0%,10.0,1.0,10.00%,2.0,20.00%,0.0,0.0,0%,0.0,0%,0.0,0.0,0%,0.0,0%
137051,2025-08-25,,183494,2025-08-26,Saytarr,GB,3,bay,T A C Partners,Mehmas (IRE),Baarrij (IRE),Iffraaj (UK),colt,8.0,0.0,0%,3.0,37.50%,2.0,0.0,0.00%,2.0,100.00%,6.0,0.0,0.00%,1.0,16.67%,0.0,0.0,0%,0.0,0%,0.0,0.0,0%,0.0,0%
137177,2025-08-25,,183499,2025-08-26,Lesleys Boy,GB,3,bay,Mrs L Jackson,Kodi Bear (IRE),Enliven (UK),Dansili (UK),colt,11.0,2.0,18.18%,1.0,9.09%,1.0,0.0,0.00%,1.0,100.00%,10.0,2.0,20.00%,1.0,10.00%,0.0,0.0,0%,0.0,0%,0.0,0.0,0%,0.0,0%
137249,2025-08-25,,183500,2025-08-26,Mrbluesky,IRE,3,bay,Mrs Lauren Hart & Partner,Cotai Glory (UK),Dance For Livvy (IRE),Kodiac (UK),colt,14.0,1.0,7.14%,2.0,14.29%,6.0,1.0,16.67%,1.0,16.67%,8.0,0.0,0.00%,1.0,12.50%,0.0,0.0,0%,0.0,0%,0.0,0.0,0%,0.0,0%
137805,2025-08-25,,183494,2025-08-26,Maid In Chelsea,IRE,4,bay,Eden Racing Club,Dark Angel (IRE),Chelsea Corsage (IRE),Teofilo (IRE),filly,10.0,2.0,20.00%,1.0,10.00%,3.0,1.0,33.33%,0.0,0%,7.0,1.0,14.29%,1.0,14.29%,0.0,0.0,0%,0.0,0%,0.0,0.0,0%,0.0,0%
137994,2025-08-25,,183495,2025-08-26,Rumba Bay,GB,3,bay,Dave & Emma Evans,Havana Grey (UK),Nellie Ellis (IRE),Compton Place (UK),filly,18.0,3.0,16.67%,1.0,5.56%,5.0,2.0,40.00%,1.0,20.00%,13.0,1.0,7.69%,0.0,0%,0.0,0.0,0%,0.0,0%,0.0,0.0,0%,0.0,0%
138120,2025-08-25,,183492,2025-08-26,Clever Jack,IRE,3,roan,P C J Dalby & R D Schuster,Starspangledbanner (AUS),Savvy (IRE),Verglas (IRE),colt,7.0,0.0,0%,1.0,14.29%,3.0,0.0,0.00%,1.0,33.33%,4.0,0.0,0.00%,0.0,0%,0.0,0.0,0%,0.0,0%,0.0,0.0,0%,0.0,0%
138181,2025-08-25,,183492,2025-08-26,Jet Packer,GB,3,chestnut,Chinthurst Racing,Bated Breath (UK),The Gold Cheongsam (IRE),Red Clubs (IRE),colt,11.0,0.0,0%,3.0,27.27%,0.0,0.0,0%,0.0,0%,10.0,0.0,0.00%,3.0,30.00%,1.0,0.0,0.00%,0.0,0%,0.0,0.0,0%,0.0,0%
138237,2025-08-25,,183493,2025-08-26,Jack Andrea,GB,3,bay,"J Rayment, J Stephenson & R Eddery",Time Test (UK),Dutch Lady (UK),Dutch Art (UK),colt,14.0,0.0,0%,3.0,21.43%,6.0,0.0,0.00%,0.0,0%,8.0,0.0,0.00%,3.0,37.50%,0.0,0.0,0%,0.0,0%,0.0,0.0,0%,0.0,0%
138471,2025-08-25,,183506,2025-08-26,South Road,IRE,3,bay,Misses P & F Simpson,Kodiac (UK),Athbah (UK),Shamardal (USA),filly,7.0,1.0,14.29%,1.0,14.29%,2.0,0.0,0.00%,0.0,0%,5.0,1.0,20.00%,1.0,20.00%,0.0,0.0,0%,0.0,0%,0.0,0.0,0%,0.0,0%
138488,2025-08-25,,183514,2025-08-26,Radar Ahead,GB,4,chestnut,Elaine Shevlin & Cormac Farrell,Postponed (IRE),Biblic (IRE),New Approach (IRE),filly,12.0,1.0,8.33%,6.0,50.00%,1.0,0.0,0.00%,1.0,100.00%,6.0,0.0,0.00%,5.0,83.33%,0.0,0.0,0%,0.0,0%,5.0,1.0,20.00%,1.0,20.00%
138569,2025-08-25,,183499,2025-08-26,Ziggys Ariel,IRE,3,bay,"Middleham Park X, Simon Wood & A Hayne",Inns Of Court (IRE),Clip Art (UK),Acclamation (UK),filly,15.0,3.0,20.00%,1.0,6.67%,4.0,1.0,25.00%,0.0,0%,11.0,2.0,18.18%,1.0,9.09%,0.0,0.0,0%,0.0,0%,0.0,0.0,0%,0.0,0%
138575,2025-08-25,,183495,2025-08-26,Beautiful Things,IRE,3,bay,Dare To Dream & Martyn Cruse,Profitable (IRE),Dry Your Eyes (IRE),Shamardal (USA),filly,12.0,0.0,0%,1.0,8.33%,4.0,0.0,0.00%,1.0,25.00%,8.0,0.0,0.00%,1.0,12.50%,0.0,0.0,0%,0.0,0%,0.0,0.0,0%,0.0,0%
138646,2025-08-25,,183506,2025-08-26,Melissa Honey,GB,3,bay,Gb Civil Engineering (Leicester) Ltd,Showcasing (UK),Libras Power (IRE),Slade Power (IRE),filly,7.0,0.0,0%,1.0,14.29%,1.0,0.0,0.00%,0.0,0%,6.0,0.0,0.00%,1.0,16.67%,0.0,0.0,0%,0.0,0%,0.0,0.0,0%,0.0,0%
138966,2025-08-25,,183499,2025-08-26,Ay Gee Ell,IRE,3,bay,Advance Group Uk Ltd,Sands Of Mali (FR),Wild Bloom (UK),Exceed and Excel (AUS),colt,7.0,0.0,0%,3.0,42.86%,4.0,0.0,0.00%,2.0,50.00%,3.0,0.0,0.00%,1.0,33.33%,0.0,0.0,0%,0.0,0%,0.0,0.0,0%,0.0,0%
139024,2025-08-25,,183493,2025-08-26,Tobys Time,IRE,3,bay,M J Refrigeration Transport Ltd,Coulsty (IRE),Sharp Applause (IRE),Royal Applause (UK),colt,5.0,0.0,0%,1.0,20.00%,1.0,0.0,0.00%,1.0,100.00%,4.0,0.0,0.00%,0.0,0%,0.0,0.0,0%,0.0,0%,0.0,0.0,0%,0.0,0%
139091,2025-08-25,,183513,2025-08-26,Skillman Ave,IRE,3,bay,Derek Kierans,Soldier's Call (UK),Imelda Mayhem (UK),Byron (UK),filly,13.0,1.0,7.69%,3.0,23.08%,3.0,0.0,0.00%,2.0,66.67%,10.0,1.0,10.00%,1.0,10.00%,0.0,0.0,0%,0.0,0%,0.0,0.0,0%,0.0,0%
139147,2025-08-25,,183499,2025-08-26,Chuti Manika,IRE,3,bay,Mrs Christine E Budden & Partners,Magna Grecia (IRE),Assault On Rome (IRE),Holy Roman Emperor (IRE),colt,16.0,2.0,12.50%,6.0,37.50%,5.0,0.0,0.00%,3.0,60.00%,11.0,2.0,18.18%,3.0,27.27%,0.0,0.0,0%,0.0,0%,0.0,0.0,0%,0.0,0%
139533,2025-08-25,,183511,2025-08-26,Tofino,IRE,3,bay,Lindsay Laroche,Dandy Man (IRE),Lady Magdala (IRE),Teofilo (IRE),filly,8.0,1.0,12.50%,2.0,25.00%,0.0,0.0,0%,0.0,0%,8.0,1.0,12.50%,2.0,25.00%,0.0,0.0,0%,0.0,0%,0.0,0.0,0%,0.0,0%
140537,2025-08-25,,183492,2025-08-26,Northern Blaze,GER,3,bay,"M Webber, M T Ward & Schiff Family",Belardo (IRE),North Mum (GER),Samum (GER),gelding,5.0,0.0,0%,1.0,20.00%,2.0,0.0,0.00%,1.0,50.00%,3.0,0.0,0.00%,0.0,0%,0.0,0.0,0%,0.0,0%,0.0,0.0,0%,0.0,0%
140917,2025-08-25,,183502,2025-08-26,Elizabeth Bay,GB,3,chestnut,Summerstorm Bloodstock Ltd,New Bay (UK),Quite A Thing (UK),Dutch Art (UK),filly,8.0,0.0,0%,2.0,25.00%,3.0,0.0,0.00%,2.0,66.67%,5.0,0.0,0.00%,2.0,40.00%,0.0,0.0,0%,0.0,0%,0.0,0.0,0%,0.0,0%
141143,2025-08-25,,183491,2025-08-26,Maritime Mist,GB,5,bay,Mr David Henery,Harbour Law (UK),Six Diamonds (UK),Exceed and Excel (AUS),filly,4.0,0.0,0%,0.0,0%,3.0,0.0,0.00%,0.0,0%,1.0,0.0,0.00%,0.0,0%,0.0,0.0,0%,0.0,0%,0.0,0.0,0%,0.0,0%
141362,2025-08-25,,183500,2025-08-26,Thats My Boy Luke,GB,4,chestnut,Mr M J Macleod,Ulysses (IRE),Pivotting (UK),Pivotal (UK),gelding,19.0,1.0,5.26%,5.0,26.32%,6.0,0.0,0.00%,1.0,16.67%,13.0,1.0,7.69%,4.0,30.77%,0.0,0.0,0%,0.0,0%,0.0,0.0,0%,0.0,0%
141535,2025-08-25,,183506,2025-08-26,Monetize,GB,3,bay,Crossfields Racing,Mohaather (UK),Finalize (UK),Firebreak (UK),filly,8.0,0.0,0%,1.0,12.50%,1.0,0.0,0.00%,1.0,100.00%,7.0,0.0,0.00%,1.0,14.29%,0.0,0.0,0%,0.0,0%,0.0,0.0,0%,0.0,0%
141635,2025-08-25,,183492,2025-08-26,Harryella,GB,3,bay,Mr Des Thurlby,Postponed (IRE),Luang Prabang (IRE),Invincible Spirit (IRE),colt,7.0,1.0,14.29%,1.0,14.29%,6.0,1.0,16.67%,1.0,16.67%,1.0,0.0,0.00%,0.0,0%,0.0,0.0,0%,0.0,0%,0.0,0.0,0%,0.0,0%
141746,2025-08-25,,183495,2025-08-26,Commendation,GB,3,bay,Mr Jim Gill,Showcasing (UK),Praised (UK),Pivotal (UK),filly,13.0,1.0,7.69%,1.0,7.69%,7.0,1.0,14.29%,1.0,14.29%,6.0,0.0,0.00%,0.0,0%,0.0,0.0,0%,0.0,0%,0.0,0.0,0%,0.0,0%
141798,2025-08-25,,183511,2025-08-26,Fiona Maccoul,IRE,3,bay,Syndicates Racing,Coulsty (IRE),Clodilla (IRE),Clodovil (IRE),filly,8.0,1.0,12.50%,1.0,12.50%,0.0,0.0,0%,0.0,0%,8.0,1.0,12.50%,1.0,12.50%,0.0,0.0,0%,0.0,0%,0.0,0.0,0%,0.0,0%
141865,2025-08-25,,183491,2025-08-26,Celtic Diligence,GB,3,bay,Mr J Whyte,Due Diligence (USA),My Amalie (IRE),Galileo (IRE),gelding,5.0,0.0,0%,0.0,0%,3.0,0.0,0.00%,0.0,0%,2.0,0.0,0.00%,0.0,0%,0.0,0.0,0%,0.0,0%,0.0,0.0,0%,0.0,0%
141906,2025-08-25,,183509,2025-08-26,Draiocht,IRE,5,brown,Miss R Hickey,Dandy Man (IRE),Rock Magic (IRE),Rock Of Gibraltar (IRE),gelding,11.0,0.0,0%,2.0,18.18%,3.0,0.0,0.00%,2.0,66.67%,8.0,0.0,0.00%,0.0,0%,0.0,0.0,0%,0.0,0%,0.0,0.0,0%,0.0,0%
142078,2025-08-25,,183495,2025-08-26,Jake Loves Laura,GB,3,bay,Miss Jade Ellen Gregory,Land Force (IRE),Superego (UK),Sepoy (AUS),filly,11.0,0.0,0%,2.0,18.18%,9.0,0.0,0.00%,2.0,22.22%,2.0,0.0,0.00%,1.0,50.00%,0.0,0.0,0%,0.0,0%,0.0,0.0,0%,0.0,0%
142114,2025-08-25,,183493,2025-08-26,Pretty Spirited,GB,3,bay,Dr M Voikhansky & Mrs S Voikhanskaya,Swiss Spirit (UK),Pretty Jewel (UK),Aqlaam (UK),filly,8.0,1.0,12.50%,1.0,12.50%,2.0,0.0,0.00%,1.0,50.00%,6.0,1.0,16.67%,0.0,0%,0.0,0.0,0%,0.0,0%,0.0,0.0,0%,0.0,0%
142262,2025-08-25,,183507,2025-08-26,Wadacre Giorgio,GB,4,bay,Wadacre Stud,Born To Sea (IRE),Glenreef (UK),Three Valleys (USA),colt,9.0,0.0,0%,2.0,22.22%,3.0,0.0,0.00%,1.0,33.33%,6.0,0.0,0.00%,2.0,33.33%,0.0,0.0,0%,0.0,0%,0.0,0.0,0%,0.0,0%
142390,2025-08-25,,183508,2025-08-26,Touted Plan,IRE,3,bay,Gurtinard Stables Syndicate,Advertise. (UK),Privacy Order (UK),Azamour (IRE),filly,7.0,0.0,0%,2.0,28.57%,1.0,0.0,0.00%,0.0,0%,6.0,0.0,0.00%,2.0,33.33%,0.0,0.0,0%,0.0,0%,0.0,0.0,0%,0.0,0%
142391,2025-08-25,,183514,2025-08-26,Tswalu,IRE,3,bay,Mrs David Nagle,Justify (USA),Adeste Fideles (USA),Giant's Causeway (USA),filly,6.0,0.0,0%,5.0,83.33%,0.0,0.0,0%,0.0,0%,6.0,0.0,0.00%,5.0,83.33%,0.0,0.0,0%,0.0,0%,0.0,0.0,0%,0.0,0%
142426,2025-08-25,,183502,2025-08-26,Magic Boy,GER,3,bay,Magic Boy Partnership,Acclamation (UK),Midnight (GER),Amaron (UK),gelding,3.0,0.0,0%,1.0,33.33%,0.0,0.0,0%,0.0,0%,3.0,0.0,0.00%,1.0,33.33%,0.0,0.0,0%,0.0,0%,0.0,0.0,0%,0.0,0%
142707,2025-08-25,,183492,2025-08-26,English Lady,IRE,3,bay,Radlett Racing,Inns Of Court (IRE),English Queen (UK),Makfi (UK),filly,7.0,1.0,14.29%,1.0,14.29%,5.0,1.0,20.00%,1.0,20.00%,2.0,0.0,0.00%,0.0,0%,0.0,0.0,0%,0.0,0%,0.0,0.0,0%,0.0,0%
142751,2025-08-25,,183513,2025-08-26,Penny Mountain,IRE,4,bay,Ms Olive Walsh,Churchill (IRE),Nevereversaynever (IRE),No Nay Never (USA),filly,4.0,0.0,0%,0.0,0%,0.0,0.0,0%,0.0,0%,4.0,0.0,0.00%,0.0,0%,0.0,0.0,0%,0.0,0%,0.0,0.0,0%,0.0,0%
144120,2025-08-25,,183493,2025-08-26,Beta Reader,GB,3,bay,Kingsley Park Owners Club,Study Of Man (IRE),Beta (UK),Selkirk (USA),colt,10.0,1.0,10.00%,1.0,10.00%,7.0,1.0,14.29%,1.0,14.29%,3.0,0.0,0.00%,1.0,33.33%,0.0,0.0,0%,0.0,0%,0.0,0.0,0%,0.0,0%
144309,2025-08-25,,183495,2025-08-26,Travel Agent,IRE,3,bay,Mr D Morgan,No Nay Never (USA),Flower Fashion (FR),Flower Alley (USA),colt,6.0,0.0,0%,0.0,0%,2.0,0.0,0.00%,0.0,0%,4.0,0.0,0.00%,0.0,0%,0.0,0.0,0%,0.0,0%,0.0,0.0,0%,0.0,0%
144503,2025-08-25,,183493,2025-08-26,Prima Diva,GB,3,bay,Fillies First,Bated Breath (UK),Merry Diva (UK),Bahamian Bounty (UK),filly,8.0,1.0,12.50%,0.0,0%,4.0,0.0,0.00%,0.0,0%,4.0,1.0,25.00%,0.0,0%,0.0,0.0,0%,0.0,0%,0.0,0.0,0%,0.0,0%
144757,2025-08-25,,183492,2025-08-26,Princess Qajar,GB,3,bay,James Dellaway,Persian King (IRE),Ensemble (FR),Iron Mask (USA),filly,8.0,0.0,0%,1.0,12.50%,3.0,0.0,0.00%,1.0,33.33%,5.0,0.0,0.00%,0.0,0%,0.0,0.0,0%,0.0,0%,0.0,0.0,0%,0.0,0%
144961,2025-08-25,,183491,2025-08-26,Silk And Steel,IRE,3,grey,Pegasus Bloodstock Limited,El Kabeir (USA),Grace Rafaela (IRE),Dragon Pulse (IRE),gelding,7.0,2.0,28.57%,0.0,0%,2.0,0.0,0.00%,0.0,0%,4.0,1.0,25.00%,0.0,0%,0.0,0.0,0%,0.0,0%,1.0,1.0,100.00%,0.0,0%
144972,2025-08-25,,183493,2025-08-26,Amber Honey,GB,3,bay,Nikki Turner,Expert Eye (UK),Sterling Sound (USA),Street Cry (IRE),filly,11.0,1.0,9.09%,3.0,27.27%,7.0,1.0,14.29%,2.0,28.57%,4.0,0.0,0.00%,1.0,25.00%,0.0,0.0,0%,0.0,0%,0.0,0.0,0%,0.0,0%
145195,2025-08-25,,183504,2025-08-26,Crackinthunder,GB,3,bay,Summerstorm Bloodstock Ltd,Land Force (IRE),All Back To Mine (UK),Dutch Art (UK),gelding,3.0,0.0,0%,0.0,0%,3.0,0.0,0.00%,0.0,0%,0.0,0.0,0%,0.0,0%,0.0,0.0,0%,0.0,0%,0.0,0.0,0%,0.0,0%
145455,2025-08-25,,183511,2025-08-26,Empress Artemis,IRE,3,bay,M J Enright,Mehmas (IRE),Duchessofflorence (UK),Pivotal (UK),filly,7.0,1.0,14.29%,3.0,42.86%,2.0,1.0,50.00%,1.0,50.00%,5.0,0.0,0.00%,3.0,60.00%,0.0,0.0,0%,0.0,0%,0.0,0.0,0%,0.0,0%
145767,2025-08-25,,183511,2025-08-26,Ribee,IRE,3,bay,Lee Regan Partnership,Ribchester (IRE),White Light (UK),Dubawi (IRE),gelding,6.0,0.0,0%,2.0,33.33%,1.0,0.0,0.00%,0.0,0%,5.0,0.0,0.00%,2.0,40.00%,0.0,0.0,0%,0.0,0%,0.0,0.0,0%,0.0,0%
146142,2025-08-25,,183493,2025-08-26,Final Night,GB,3,bay,Mr K Snell,Muhaarar (UK),Night Lily (IRE),Night Shift (USA),gelding,9.0,0.0,0%,1.0,11.11%,6.0,0.0,0.00%,1.0,16.67%,3.0,0.0,0.00%,1.0,33.33%,0.0,0.0,0%,0.0,0%,0.0,0.0,0%,0.0,0%
146410,2025-08-25,,183515,2025-08-26,Light Up The Dark,GB,4,bay,John P Mcmanus,Camelot (UK),Tiptree (IRE),Duke Of Marmalade (IRE),filly,6.0,3.0,50.00%,1.0,16.67%,0.0,0.0,0%,0.0,0%,6.0,3.0,50.00%,1.0,16.67%,0.0,0.0,0%,0.0,0%,0.0,0.0,0%,0.0,0%
146619,2025-08-25,,183492,2025-08-26,Sovereign Lad,IRE,3,bay,Roger Cox And Partner,Ten Sovereigns (IRE),Missy Mischief (USA),Into Mischief (USA),gelding,3.0,0.0,0%,2.0,66.67%,3.0,0.0,0.00%,2.0,66.67%,0.0,0.0,0%,0.0,0%,0.0,0.0,0%,0.0,0%,0.0,0.0,0%,0.0,0%
146647,2025-08-25,,183491,2025-08-26,Godstone,FR,3,bay,Homecroft Wealth Racing & Wh Stables,Wooded (IRE),Wiesenlerche (IRE),Adlerflug (GER),gelding,6.0,0.0,0%,0.0,0%,4.0,0.0,0.00%,0.0,0%,2.0,0.0,0.00%,0.0,0%,0.0,0.0,0%,0.0,0%,0.0,0.0,0%,0.0,0%
146694,2025-08-25,,183511,2025-08-26,Oiche Rua,IRE,3,bay,A Zevenbergen,Ghaiyyath (IRE),Redinha (UK),Dansili (UK),filly,8.0,2.0,25.00%,1.0,12.50%,2.0,0.0,0.00%,1.0,50.00%,6.0,2.0,33.33%,0.0,0%,0.0,0.0,0%,0.0,0%,0.0,0.0,0%,0.0,0%
146773,2025-08-25,,183488,2025-08-26,Senor Cortez,IRE,4,chestnut,Graham & Lynn Knight,Sea The Stars (IRE),Lillian Russell (IRE),Dubawi (IRE),gelding,7.0,1.0,14.29%,1.0,14.29%,4.0,0.0,0.00%,1.0,25.00%,3.0,1.0,33.33%,0.0,0%,0.0,0.0,0%,0.0,0%,0.0,0.0,0%,0.0,0%
146990,2025-08-25,,183493,2025-08-26,Papa Oscar,GB,3,bay,Miss C Malpas,Expert Eye (UK),Kilo Alpha (UK),King's Best (USA),gelding,4.0,0.0,0%,0.0,0%,3.0,0.0,0.00%,0.0,0%,1.0,0.0,0.00%,0.0,0%,0.0,0.0,0%,0.0,0%,0.0,0.0,0%,0.0,0%
147028,2025-08-25,,183508,2025-08-26,Snapretend,IRE,3,bay,J P Farrell,Make Believe (UK),Pedisnap (IRE),Footstepsinthesand (UK),filly,2.0,0.0,0%,0.0,0%,1.0,0.0,0.00%,0.0,0%,1.0,0.0,0.00%,0.0,0%,0.0,0.0,0%,0.0,0%,0.0,0.0,0%,0.0,0%
147094,2025-08-25,,183501,2025-08-26,Bovey Belle,GB,3,bay,David Bayliss Olly Williams,Nathaniel (IRE),Soala (IRE),Al Kazeem (UK),filly,6.0,0.0,0%,0.0,0%,2.0,0.0,0.00%,0.0,0%,4.0,0.0,0.00%,0.0,0%,0.0,0.0,0%,0.0,0%,0.0,0.0,0%,0.0,0%
147504,2025-08-25,,183492,2025-08-26,Maury,IRE,3,bay,Equestrian R Infinity Ltd,Earthlight (IRE),Experte (FR),High Chaparral (IRE),gelding,6.0,0.0,0%,0.0,0%,3.0,0.0,0.00%,0.0,0%,3.0,0.0,0.00%,0.0,0%,0.0,0.0,0%,0.0,0%,0.0,0.0,0%,0.0,0%
151716,2025-08-25,,183511,2025-08-26,Shahada Ace,GB,3,chestnut,R Twohundred & One Syndicate,Waldgeist (UK),Strange Times (IRE),Lawman (FR),filly,8.0,1.0,12.50%,1.0,12.50%,0.0,0.0,0%,0.0,0%,8.0,1.0,12.50%,1.0,12.50%,0.0,0.0,0%,0.0,0%,0.0,0.0,0%,0.0,0%
151746,2025-08-25,,183498,2025-08-26,Rotokura Belle,GB,2,bay,Miss D Francis,Cable Bay (IRE),Belle Dormant (IRE),Rip Van Winkle (IRE),filly,4.0,0.0,0%,1.0,25.00%,1.0,0.0,0.00%,0.0,0%,3.0,0.0,0.00%,1.0,33.33%,0.0,0.0,0%,0.0,0%,0.0,0.0,0%,0.0,0%
151980,2025-08-25,,183503,2025-08-26,Preminision,GB,2,bay,Habton Racing,Territories (IRE),Illusions (UK),Toronado (IRE),filly,5.0,0.0,0%,0.0,0%,0.0,0.0,0%,0.0,0%,5.0,0.0,0.00%,0.0,0%,0.0,0.0,0%,0.0,0%,0.0,0.0,0%,0.0,0%
151990,2025-08-25,,183500,2025-08-26,Travis,GB,4,bay,Tykemeout Syndicate,Advertise. (UK),Bazzana (UK),Zebedee (UK),gelding,,0.0,0%,0.0,0%,0.0,0.0,0%,0.0,0%,0.0,0.0,0%,0.0,0%,0.0,0.0,0%,0.0,0%,0.0,0.0,0%,0.0,0%
152066,2025-08-25,,183498,2025-08-26,Dakota Dawn,IRE,2,chestnut,Mrs Jennifer E Pallister,Sioux Nation (USA),Dawn Riser (IRE),Profitable (IRE),filly,5.0,0.0,0%,0.0,0%,0.0,0.0,0%,0.0,0%,5.0,0.0,0.00%,0.0,0%,0.0,0.0,0%,0.0,0%,0.0,0.0,0%,0.0,0%
152161,2025-08-25,,183491,2025-08-26,Kilima,GB,3,brown,Mr V Woodward,Pinatubo (IRE),Bantu (UK),Cape Cross (IRE),gelding,6.0,1.0,16.67%,0.0,0%,3.0,0.0,0.00%,0.0,0%,3.0,1.0,33.33%,0.0,0%,0.0,0.0,0%,0.0,0%,0.0,0.0,0%,0.0,0%
152215,2025-08-25,,183514,2025-08-26,Sayidah New Bay,GB,3,bay,Mrs S Kilbride,New Bay (UK),Dusk (IRE),Galileo (IRE),filly,1.0,0.0,0%,0.0,0%,0.0,0.0,0%,0.0,0%,1.0,0.0,0.00%,0.0,0%,0.0,0.0,0%,0.0,0%,0.0,0.0,0%,0.0,0%
152435,2025-08-25,,183498,2025-08-26,Hanney Girl,GB,2,bay,Thames Ceilings Ltd,Cable Bay (IRE),Holloa (UK),Acclamation (UK),filly,5.0,1.0,20.00%,1.0,20.00%,1.0,0.0,0.00%,0.0,0%,4.0,1.0,25.00%,1.0,25.00%,0.0,0.0,0%,0.0,0%,0.0,0.0,0%,0.0,0%
152492,2025-08-25,,183512,2025-08-26,Queen Of Newark,IRE,2,bay,Debbie Kelly,Profitable (IRE),Afeefah (IRE),Dark Angel (IRE),filly,1.0,0.0,0%,0.0,0%,0.0,0.0,0%,0.0,0%,1.0,0.0,0.00%,0.0,0%,0.0,0.0,0%,0.0,0%,0.0,0.0,0%,0.0,0%
152580,2025-08-25,,183506,2025-08-26,Our Nicola,GB,3,bay,Mr Edward Peary And Partner,Intrinsic (UK),Sciacca (IRE),Royal Applause (UK),filly,5.0,0.0,0%,0.0,0%,0.0,0.0,0%,0.0,0%,5.0,0.0,0.00%,0.0,0%,0.0,0.0,0%,0.0,0%,0.0,0.0,0%,0.0,0%
152642,2025-08-25,,183498,2025-08-26,Jack Rabbit Slims,GB,2,bay,Simon Bland Tony Coyle,Aclaim (IRE),Velvet Jaguar (UK),Hurricane Run (IRE),gelding,4.0,0.0,0%,1.0,25.00%,0.0,0.0,0%,0.0,0%,4.0,0.0,0.00%,1.0,25.00%,0.0,0.0,0%,0.0,0%,0.0,0.0,0%,0.0,0%
152743,2025-08-25,,183514,2025-08-26,Alexa Next,IRE,3,bay,Deirdre Hassett,Belardo (IRE),Stubbins (UK),Rip Van Winkle (IRE),filly,3.0,0.0,0%,0.0,0%,0.0,0.0,0%,0.0,0%,3.0,0.0,0.00%,0.0,0%,0.0,0.0,0%,0.0,0%,0.0,0.0,0%,0.0,0%
152783,2025-08-25,,183511,2025-08-26,Rizal,FR,3,bay,Exors Of The Late H H Aga Khan,Lope De Vega (IRE),Ridenza (IRE),Sea The Stars (IRE),colt,4.0,0.0,0%,1.0,25.00%,0.0,0.0,0%,0.0,0%,4.0,0.0,0.00%,1.0,25.00%,0.0,0.0,0%,0.0,0%,0.0,0.0,0%,0.0,0%
152881,2025-08-25,,183503,2025-08-26,Lexington Express,IRE,2,bay,Middleham Park Racing Lxi,Prince Of Lir (IRE),Bean Uasal (IRE),Oasis Dream (UK),filly,5.0,0.0,0%,0.0,0%,1.0,0.0,0.00%,0.0,0%,4.0,0.0,0.00%,0.0,0%,0.0,0.0,0%,0.0,0%,0.0,0.0,0%,0.0,0%
152925,2025-08-25,,183508,2025-08-26,Petes Dream,IRE,3,bay,Declan Michael Diviney,Elzaam (AUS),Michael's Missile (IRE),Majestic Missile (IRE),gelding,5.0,0.0,0%,1.0,20.00%,0.0,0.0,0%,0.0,0%,5.0,0.0,0.00%,1.0,20.00%,0.0,0.0,0%,0.0,0%,0.0,0.0,0%,0.0,0%
152946,2025-08-25,,183511,2025-08-26,Glyndwr,IRE,3,bay,W P Richards,Arizona. (IRE),Tonkolili (IRE),Kodiac (UK),gelding,,0.0,0%,0.0,0%,0.0,0.0,0%,0.0,0%,0.0,0.0,0%,0.0,0%,0.0,0.0,0%,0.0,0%,0.0,0.0,0%,0.0,0%
153002,2025-08-25,,183498,2025-08-26,Sinj,GB,2,bay,Jastar Capital Limited,Too Darn Hot (UK),Electric Ladyland (IRE),Cable Bay (IRE),filly,5.0,0.0,0%,3.0,60.00%,0.0,0.0,0%,0.0,0%,5.0,0.0,0.00%,3.0,60.00%,0.0,0.0,0%,0.0,0%,0.0,0.0,0%,0.0,0%
153151,2025-08-25,,183506,2025-08-26,Tuscan Point,IRE,3,bay,P D Smith Holdings Ltd,Blue Point. (IRE),Tuscan Oasis (IRE),Oasis Dream (UK),gelding,,0.0,0%,0.0,0%,0.0,0.0,0%,0.0,0%,0.0,0.0,0%,0.0,0%,0.0,0.0,0%,0.0,0%,0.0,0.0,0%,0.0,0%
153157,2025-08-25,,183513,2025-08-26,Best Suggestion,IRE,3,bay,N W T Dalzell,Invincible Army (IRE),Suggest (IRE),Raven's Pass (USA),gelding,5.0,0.0,0%,2.0,40.00%,0.0,0.0,0%,0.0,0%,5.0,0.0,0.00%,2.0,40.00%,0.0,0.0,0%,0.0,0%,0.0,0.0,0%,0.0,0%
153193,2025-08-25,,183508,2025-08-26,Sun Soldier,IRE,3,bay,A Oliver & Blue Candi Lab London Limited,Soldier's Call (UK),Ultra Violet (UK),Gleneagles (IRE),gelding,4.0,0.0,0%,3.0,75.00%,0.0,0.0,0%,0.0,0%,4.0,0.0,0.00%,3.0,75.00%,0.0,0.0,0%,0.0,0%,0.0,0.0,0%,0.0,0%
153268,2025-08-25,,183512,2025-08-26,The Right One,IRE,2,bay,Sinead Fahey,U S Navy Flag (USA),Glacier Point (UK),Foxwedge (AUS),filly,5.0,0.0,0%,3.0,60.00%,0.0,0.0,0%,0.0,0%,5.0,0.0,0.00%,3.0,60.00%,0.0,0.0,0%,0.0,0%,0.0,0.0,0%,0.0,0%
153283,2025-08-25,,183508,2025-08-26,Phoenix Pairc,IRE,3,g,Cor Racing Syndicate,Phoenix Of Spain (IRE),Tooley Woods (IRE),Cape Cross (IRE),filly,4.0,0.0,0%,0.0,0%,0.0,0.0,0%,0.0,0%,4.0,0.0,0.00%,0.0,0%,0.0,0.0,0%,0.0,0%,0.0,0.0,0%,0.0,0%
153288,2025-08-25,,183497,2025-08-26,Schrodingers Cat,GB,2,bay,Mr Mohammed Jaber,Ardad (IRE),Singyoursong (IRE),Aqlaam (UK),colt,5.0,0.0,0%,3.0,60.00%,0.0,0.0,0%,0.0,0%,5.0,0.0,0.00%,3.0,60.00%,0.0,0.0,0%,0.0,0%,0.0,0.0,0%,0.0,0%
153385,2025-08-25,,183503,2025-08-26,Port Darwin,IRE,2,chestnut,Kingsley Park 42,Australia (UK),Porthilly (FR),Pivotal (UK),colt,3.0,0.0,0%,0.0,0%,0.0,0.0,0%,0.0,0%,3.0,0.0,0.00%,0.0,0%,0.0,0.0,0%,0.0,0%,0.0,0.0,0%,0.0,0%
153440,2025-08-25,,183498,2025-08-26,Straight Ahead,GB,2,bay,Mr Peter Onslow,Dream Ahead (USA),Mahale (UK),Kodiac (UK),colt,4.0,0.0,0%,1.0,25.00%,0.0,0.0,0%,0.0,0%,4.0,0.0,0.00%,1.0,25.00%,0.0,0.0,0%,0.0,0%,0.0,0.0,0%,0.0,0%
153456,2025-08-25,,183514,2025-08-26,Gifted,IRE,3,bay,Derrick Smith & Mrs John Magnier & Michael Tabor,Wootton Bassett (UK),Even Song (IRE),Mastercraftsman (IRE),filly,1.0,0.0,0%,0.0,0%,0.0,0.0,0%,0.0,0%,1.0,0.0,0.00%,0.0,0%,0.0,0.0,0%,0.0,0%,0.0,0.0,0%,0.0,0%
153491,2025-08-25,,183492,2025-08-26,Keep Talking,GB,3,bay,Spirited Racing & J S Moore,Mohaather (UK),La Roumegue (USA),Henrythenavigator (USA),filly,5.0,0.0,0%,0.0,0%,1.0,0.0,0.00%,0.0,0%,4.0,0.0,0.00%,0.0,0%,0.0,0.0,0%,0.0,0%,0.0,0.0,0%,0.0,0%
153583,2025-08-25,,183491,2025-08-26,Both Of Us,IRE,3,bay,Shylock,Magna Grecia (IRE),Intermittent (UK),Cacique (IRE),gelding,6.0,0.0,0%,0.0,0%,4.0,0.0,0.00%,0.0,0%,2.0,0.0,0.00%,0.0,0%,0.0,0.0,0%,0.0,0%,0.0,0.0,0%,0.0,0%
153602,2025-08-25,,183506,2025-08-26,Wadacre Maestro,GB,3,chestnut,Wadacre Stud,Harry Angel (IRE),Madam Valentine (UK),Primo Valentino (IRE),gelding,5.0,0.0,0%,0.0,0%,0.0,0.0,0%,0.0,0%,5.0,0.0,0.00%,0.0,0%,0.0,0.0,0%,0.0,0%,0.0,0.0,0%,0.0,0%
153886,2025-08-25,,183490,2025-08-26,Sovereign Bright,GB,2,bay,Kingsley Park Owners Club,Ten Sovereigns (IRE),Mount Crystal (IRE),Montjeu (IRE),filly,4.0,0.0,0%,2.0,50.00%,2.0,0.0,0.00%,1.0,50.00%,2.0,0.0,0.00%,1.0,50.00%,0.0,0.0,0%,0.0,0%,0.0,0.0,0%,0.0,0%
153887,2025-08-25,,183489,2025-08-26,Sunshine And Roses,GB,2,bay,Amazing Racing,Massaat (IRE),Sunshineandbubbles (UK),Multiplex (UK),filly,3.0,0.0,0%,0.0,0%,2.0,0.0,0.00%,0.0,0%,1.0,0.0,0.00%,0.0,0%,0.0,0.0,0%,0.0,0%,0.0,0.0,0%,0.0,0%
153924,2025-08-25,,183502,2025-08-26,Tardaff,GB,3,bay,Lady Blyth,Bated Breath (UK),Daffydowndilly (UK),Oasis Dream (UK),filly,4.0,0.0,0%,2.0,50.00%,1.0,0.0,0.00%,0.0,0%,3.0,0.0,0.00%,2.0,66.67%,0.0,0.0,0%,0.0,0%,0.0,0.0,0%,0.0,0%
153934,2025-08-25,,183508,2025-08-26,Arrumba,IRE,5,g,Readsland Racing,Alhebayeb (IRE),Dance Around (IRE),Bushranger (IRE),mare,3.0,0.0,0%,0.0,0%,1.0,0.0,0.00%,0.0,0%,2.0,0.0,0.00%,0.0,0%,0.0,0.0,0%,0.0,0%,0.0,0.0,0%,0.0,0%
154308,2025-08-25,,183512,2025-08-26,Carnival Spirit,IRE,2,bay,S Michael Millar,Lope Y Fernandez (IRE),Country Carnival (IRE),Mayson (UK),filly,3.0,0.0,0%,0.0,0%,0.0,0.0,0%,0.0,0%,3.0,0.0,0.00%,0.0,0%,0.0,0.0,0%,0.0,0%,0.0,0.0,0%,0.0,0%
154328,2025-08-25,,183512,2025-08-26,The Love Machine,IRE,2,bay,Michael Mulvany,Far Above (IRE),Dujac (UK),Muhaarar (UK),colt,2.0,0.0,0%,0.0,0%,0.0,0.0,0%,0.0,0%,2.0,0.0,0.00%,0.0,0%,0.0,0.0,0%,0.0,0%,0.0,0.0,0%,0.0,0%
154358,2025-08-25,,183498,2025-08-26,Powernap,GB,2,bay,V & Sc Thompson,Havana Grey (UK),Napping (UK),Sleeping Indian (UK),filly,3.0,0.0,0%,0.0,0%,0.0,0.0,0%,0.0,0%,3.0,0.0,0.00%,0.0,0%,0.0,0.0,0%,0.0,0%,0.0,0.0,0%,0.0,0%
154384,2025-08-25,,183492,2025-08-26,Grey Selkie,GB,3,grey,Mr & Mrs T Foster,Outstrip (UK),Velvet Band (UK),Verglas (IRE),filly,3.0,0.0,0%,0.0,0%,0.0,0.0,0%,0.0,0%,3.0,0.0,0.00%,0.0,0%,0.0,0.0,0%,0.0,0%,0.0,0.0,0%,0.0,0%
154436,2025-08-25,,183508,2025-08-26,Jess Abi,IRE,3,bay,W R Carter,Footstepsinthesand (UK),Land Of Dubai (IRE),Dubai Destination (USA),filly,2.0,0.0,0%,0.0,0%,0.0,0.0,0%,0.0,0%,2.0,0.0,0.00%,0.0,0%,0.0,0.0,0%,0.0,0%,0.0,0.0,0%,0.0,0%
154439,2025-08-25,,183512,2025-08-26,Lady Landhort,IRE,2,bay,T J Flanagan & Ronan Macken & Shane Mcsweeney & S O'Malley,Magna Grecia (IRE),Laggata (UK),Soldier Hollow (UK),filly,2.0,0.0,0%,0.0,0%,0.0,0.0,0%,0.0,0%,2.0,0.0,0.00%,0.0,0%,0.0,0.0,0%,0.0,0%,0.0,0.0,0%,0.0,0%
154458,2025-08-25,,183489,2025-08-26,Angels Share,GB,2,bay,Kingsmead Bloodstock Limited,Harry Angel (IRE),Purest (UK),Shamardal (USA),filly,3.0,0.0,0%,1.0,33.33%,1.0,0.0,0.00%,0.0,0%,2.0,0.0,0.00%,1.0,50.00%,0.0,0.0,0%,0.0,0%,0.0,0.0,0%,0.0,0%
154636,2025-08-25,,183512,2025-08-26,Plushy,IRE,2,bay,Derek Murray/Poetry In Motion Syndicate/Patrick Mcguinness,Ardad (IRE),Paradwys (IRE),Exceed and Excel (AUS),filly,2.0,0.0,0%,2.0,100.00%,0.0,0.0,0%,0.0,0%,2.0,0.0,0.00%,2.0,100.00%,0.0,0.0,0%,0.0,0%,0.0,0.0,0%,0.0,0%
154670,2025-08-25,,183514,2025-08-26,Likewhatyousee,USA,3,bay,C W J Farrell,Street Sense (USA),Maqboola (USA),Tamayuz (UK),filly,2.0,0.0,0%,0.0,0%,0.0,0.0,0%,0.0,0%,2.0,0.0,0.00%,0.0,0%,0.0,0.0,0%,0.0,0%,0.0,0.0,0%,0.0,0%
154681,2025-08-25,,183503,2025-08-26,Shes Got The Blues,IRE,2,bay,P D Smith Holdings Ltd,Space Blues (IRE),Valtina (IRE),Teofilo (IRE),filly,3.0,0.0,0%,0.0,0%,0.0,0.0,0%,0.0,0%,3.0,0.0,0.00%,0.0,0%,0.0,0.0,0%,0.0,0%,0.0,0.0,0%,0.0,0%
154743,2025-08-25,,183503,2025-08-26,Panthere Noir,GB,2,bay,Lamont Racing,Mohaather (UK),Billie Beane (UK),Sir Percy (UK),colt,3.0,0.0,0%,0.0,0%,0.0,0.0,0%,0.0,0%,3.0,0.0,0.00%,0.0,0%,0.0,0.0,0%,0.0,0%,0.0,0.0,0%,0.0,0%
154748,2025-08-25,,183503,2025-08-26,Time Twister,GB,2,bay,Ursa Major Racing Ltd & Easterby,Time Test (UK),Souila (USA),Speightstown (USA),gelding,3.0,0.0,0%,0.0,0%,0.0,0.0,0%,0.0,0%,3.0,0.0,0.00%,0.0,0%,0.0,0.0,0%,0.0,0%,0.0,0.0,0%,0.0,0%
154762,2025-08-25,,183508,2025-08-26,Burford Beauty,IRE,3,brown,Frolicers Syndicate,Equiano (FR),Choc U Zel Nell (IRE),Noverre (USA),filly,2.0,0.0,0%,0.0,0%,0.0,0.0,0%,0.0,0%,2.0,0.0,0.00%,0.0,0%,0.0,0.0,0%,0.0,0%,0.0,0.0,0%,0.0,0%
154824,2025-08-25,,183498,2025-08-26,Runninman,IRE,2,bay,"Farrington, Jolley, Whitworth & Partne",Mehmas (IRE),Merry Jaunt (USA),Street Sense (USA),colt,3.0,0.0,0%,0.0,0%,0.0,0.0,0%,0.0,0%,3.0,0.0,0.00%,0.0,0%,0.0,0.0,0%,0.0,0%,0.0,0.0,0%,0.0,0%
154897,2025-08-25,,183514,2025-08-26,Rapid Sequence,IRE,3,bay,Rose & Gin Syndicate,Make Believe (UK),Mypreciousblue (UK),Peintre Celebre (USA),filly,2.0,0.0,0%,0.0,0%,0.0,0.0,0%,0.0,0%,2.0,0.0,0.00%,0.0,0%,0.0,0.0,0%,0.0,0%,0.0,0.0,0%,0.0,0%
154909,2025-08-25,,183508,2025-08-26,Chico Chico,IRE,3,chestnut,Mrs Joan Kinsella,Rock Of Gibraltar (IRE),Maudlin Magdalen (IRE),Dylan Thomas (IRE),gelding,2.0,0.0,0%,0.0,0%,0.0,0.0,0%,0.0,0%,2.0,0.0,0.00%,0.0,0%,0.0,0.0,0%,0.0,0%,0.0,0.0,0%,0.0,0%
154910,2025-08-25,,183512,2025-08-26,Cotai Island,IRE,2,bay,James C Wallace,Cotai Glory (UK),D'addario (IRE),Galileo (IRE),colt,1.0,0.0,0%,0.0,0%,0.0,0.0,0%,0.0,0%,1.0,0.0,0.00%,0.0,0%,0.0,0.0,0%,0.0,0%,0.0,0.0,0%,0.0,0%
154952,2025-08-25,,183514,2025-08-26,Stellar Quality,IRE,3,bay,Zhang Yuesheng,Wootton Bassett (UK),Class Act (UK),Galileo (IRE),filly,1.0,0.0,0%,0.0,0%,0.0,0.0,0%,0.0,0%,1.0,0.0,0.00%,0.0,0%,0.0,0.0,0%,0.0,0%,0.0,0.0,0%,0.0,0%
154963,2025-08-25,,183508,2025-08-26,Spanish Princess,IRE,4,chestnut,Mrs Mary Tyrrell,Phoenix Of Spain (IRE),Neuquen (IRE),Rock Of Gibraltar (IRE),filly,2.0,0.0,0%,2.0,100.00%,0.0,0.0,0%,0.0,0%,2.0,0.0,0.00%,2.0,100.00%,0.0,0.0,0%,0.0,0%,0.0,0.0,0%,0.0,0%
154981,2025-08-25,,183497,2025-08-26,Tafah,IRE,2,bay,Mr Nawaf Almutairi,Dark Angel (IRE),Rush (UK),Compton Place (UK),colt,1.0,0.0,0%,1.0,100.00%,0.0,0.0,0%,0.0,0%,1.0,0.0,0.00%,1.0,100.00%,0.0,0.0,0%,0.0,0%,0.0,0.0,0%,0.0,0%
155065,2025-08-25,,183508,2025-08-26,Cannonball Queen,IRE,3,bay,Jack & Jill Cannonball 24 Partnership,Footstepsinthesand (UK),Firstclass (GER),Lawman (FR),filly,1.0,0.0,0%,0.0,0%,0.0,0.0,0%,0.0,0%,1.0,0.0,0.00%,0.0,0%,0.0,0.0,0%,0.0,0%,0.0,0.0,0%,0.0,0%
155077,2025-08-25,,183497,2025-08-26,Go Lockers Go,GB,2,bay,Middleham Park Racing D Turner B Rober,Ardad (IRE),Sayyedati Lady (IRE),Frankel (UK),colt,2.0,0.0,0%,0.0,0%,0.0,0.0,0%,0.0,0%,2.0,0.0,0.00%,0.0,0%,0.0,0.0,0%,0.0,0%,0.0,0.0,0%,0.0,0%
155084,2025-08-25,,183503,2025-08-26,Midnight Rodeo,IRE,2,bay,"J Sarkar, D Sarkar, O Sarkar & D Sarkar",Bated Breath (UK),Ocala (UK),Nathaniel (IRE),gelding,3.0,0.0,0%,0.0,0%,1.0,0.0,0.00%,0.0,0%,2.0,0.0,0.00%,0.0,0%,0.0,0.0,0%,0.0,0%,0.0,0.0,0%,0.0,0%
155100,2025-08-25,,183514,2025-08-26,Carmels Phoenix,IRE,3,bay,Patrick K Mccarthy,Phoenix Of Spain (IRE),Sistercarmel (IRE),Lawman (FR),filly,1.0,0.0,0%,0.0,0%,0.0,0.0,0%,0.0,0%,1.0,0.0,0.00%,0.0,0%,0.0,0.0,0%,0.0,0%,0.0,0.0,0%,0.0,0%
155130,2025-08-25,,183497,2025-08-26,Rogue Rebellion,GB,2,bay,The Rogues Gallery,Ardad (IRE),Powerful Dream (IRE),Frozen Power (IRE),colt,1.0,0.0,0%,0.0,0%,0.0,0.0,0%,0.0,0%,1.0,0.0,0.00%,0.0,0%,0.0,0.0,0%,0.0,0%,0.0,0.0,0%,0.0,0%
155144,2025-08-25,,183490,2025-08-26,Lyra Lea,GB,2,bay,Tom Chadney And Friends,Lope Y Fernandez (IRE),Bradfield Magic (IRE),Holy Roman Emperor (IRE),filly,2.0,0.0,0%,2.0,100.00%,1.0,0.0,0.00%,1.0,100.00%,1.0,0.0,0.00%,1.0,100.00%,0.0,0.0,0%,0.0,0%,0.0,0.0,0%,0.0,0%
155221,2025-08-25,,183512,2025-08-26,A La Dure,GB,2,bay,D O'Donovan,Zoustar (AUS),All Out (UK),Acclamation (UK),colt,1.0,0.0,0%,0.0,0%,0.0,0.0,0%,0.0,0%,1.0,0.0,0.00%,0.0,0%,0.0,0.0,0%,0.0,0%,0.0,0.0,0%,0.0,0%
155249,2025-08-25,,183512,2025-08-26,Methodtomy Madness,IRE,2,bay,Amy & Olivia Marnane,Bungle Inthejungle (UK),Jeewana (UK),Compton Place (UK),colt,2.0,0.0,0%,0.0,0%,0.0,0.0,0%,0.0,0%,2.0,0.0,0.00%,0.0,0%,0.0,0.0,0%,0.0,0%,0.0,0.0,0%,0.0,0%
155268,2025-08-25,,183489,2025-08-26,Boss Lady,IRE,2,bay,Mr Hassan Al Abdulmalik,Mehmas (IRE),Lady Canford (IRE),Canford Cliffs (IRE),filly,2.0,0.0,0%,2.0,100.00%,0.0,0.0,0%,0.0,0%,2.0,0.0,0.00%,2.0,100.00%,0.0,0.0,0%,0.0,0%,0.0,0.0,0%,0.0,0%
155281,2025-08-25,,183489,2025-08-26,Laser Luck,GB,2,bay,Mr J C Smith,Expert Eye (UK),Oydis (UK),Nathaniel (IRE),filly,1.0,0.0,0%,0.0,0%,0.0,0.0,0%,0.0,0%,1.0,0.0,0.00%,0.0,0%,0.0,0.0,0%,0.0,0%,0.0,0.0,0%,0.0,0%
155292,2025-08-25,,183489,2025-08-26,Therefore,IRE,2,bay,The Chestnut Tree Syndicate Too,Gregorian (IRE),If So (UK),Iffraaj (UK),filly,1.0,0.0,0%,0.0,0%,0.0,0.0,0%,0.0,0%,1.0,0.0,0.00%,0.0,0%,0.0,0.0,0%,0.0,0%,0.0,0.0,0%,0.0,0%
155421,2025-08-25,,183512,2025-08-26,Whistling Jamesie,GB,2,bay,An Geall Is Fearr Teoranta,A'ali (IRE),Messelina (UK),Noverre (USA),colt,2.0,0.0,0%,0.0,0%,0.0,0.0,0%,0.0,0%,2.0,0.0,0.00%,0.0,0%,0.0,0.0,0%,0.0,0%,0.0,0.0,0%,0.0,0%
155482,2025-08-25,,183508,2025-08-26,Dolly Hello,IRE,3,bay,Peter Jones,Kodi Bear (IRE),Bandelia (IRE),Awtaad (IRE),filly,1.0,0.0,0%,0.0,0%,0.0,0.0,0%,0.0,0%,1.0,0.0,0.00%,0.0,0%,0.0,0.0,0%,0.0,0%,0.0,0.0,0%,0.0,0%
155659,2025-08-25,,183512,2025-08-26,Soy El Fuego,IRE,2,brown,Dr Ali Al Mutairi,Aclaim (IRE),Late Romance (USA),Storm Cat (USA),gelding,1.0,0.0,0%,0.0,0%,0.0,0.0,0%,0.0,0%,1.0,0.0,0.00%,0.0,0%,0.0,0.0,0%,0.0,0%,0.0,0.0,0%,0.0,0%
155679,2025-08-25,,183497,2025-08-26,Soul Warrior,IRE,2,bay,D Jenkins J Glover R O'Donnell J Short,Invincible Spirit (IRE),Alsindi (IRE),Acclamation (UK),gelding,1.0,0.0,0%,0.0,0%,0.0,0.0,0%,0.0,0%,1.0,0.0,0.00%,0.0,0%,0.0,0.0,0%,0.0,0%,0.0,0.0,0%,0.0,0%
155692,2025-08-25,,183490,2025-08-26,Galileo Charm,GB,2,bay,Mr C J Murfitt & Partner,Galileo Gold (UK),Rustic Charm (UK),Dubawi (IRE),filly,1.0,0.0,0%,1.0,100.00%,1.0,0.0,0.00%,1.0,100.00%,0.0,0.0,0%,0.0,0%,0.0,0.0,0%,0.0,0%,0.0,0.0,0%,0.0,0%
155701,2025-08-25,,183490,2025-08-26,Onwardupward,GB,2,bay,Lds Bloodstock Ltd,Due Diligence (USA),On Route (UK),Pivotal (UK),filly,1.0,0.0,0%,0.0,0%,1.0,0.0,0.00%,0.0,0%,0.0,0.0,0%,0.0,0%,0.0,0.0,0%,0.0,0%,0.0,0.0,0%,0.0,0%
155729,2025-08-25,,183497,2025-08-26,Noble Vow,IRE,2,bay,Mrs Fitri Hay,No Nay Never (USA),Go Angellica (IRE),Kheleyf (USA),colt,1.0,0.0,0%,1.0,100.00%,0.0,0.0,0%,0.0,0%,1.0,0.0,0.00%,1.0,100.00%,0.0,0.0,0%,0.0,0%,0.0,0.0,0%,0.0,0%
155785,2025-08-25,,183490,2025-08-26,Lady Milton,GB,2,bay,Mrs Judy Maitland-Jones,A'ali (IRE),Rosalie Bonheur (UK),Siyouni (FR),filly,1.0,0.0,0%,0.0,0%,0.0,0.0,0%,0.0,0%,1.0,0.0,0.00%,0.0,0%,0.0,0.0,0%,0.0,0%,0.0,0.0,0%,0.0,0%
156028,,,183489,2025-08-26,Actually Ann,GB,2,bay,One More Moment Of Madness,Mohaather (UK),Accolade (UK),Acclamation (UK),filly,,,,,,,,,,,,,,,,,,,,,,,,,
156029,,,183490,2025-08-26,Aunt Em,GB,2,bay,Mr Des Thurlby,Dream Ahead (USA),Mortitia (UK),Dansili (UK),filly,,,,,,,,,,,,,,,,,,,,,,,,,
156030,,,183490,2025-08-26,Barbuda Bay,GB,2,bay,The Antiguan Family Syndicate,Starman (UK),Emaratiya Ana (IRE),Excellent Art (UK),filly,,,,,,,,,,,,,,,,,,,,,,,,,
156031,,,183508,2025-08-26,Bartolito,IRE,3,chestnut,Vasile Ionesi,Cotai Glory (UK),Spirit Of Dunboden (IRE),Dalakhani (IRE),gelding,,,,,,,,,,,,,,,,,,,,,,,,,
156032,,,183489,2025-08-26,Betty Lemon,GB,2,bay,Lord Margadale,Land Force (IRE),Tremelo Pointe (IRE),Trempolino (USA),filly,,,,,,,,,,,,,,,,,,,,,,,,,
156033,,,183508,2025-08-26,Julia Domna,IRE,3,bay,Mrs A M O'Brien,Holy Roman Emperor (IRE),Delicate Charm (IRE),High Chaparral (IRE),filly,,,,,,,,,,,,,,,,,,,,,,,,,
156034,,,183497,2025-08-26,Kind Touch,IRE,2,bay,Mr & Mrs N Wrigley,Kodi Bear (IRE),Qalahari (IRE),Bahri (USA),colt,,,,,,,,,,,,,,,,,,,,,,,,,
156035,,,183497,2025-08-26,Lady Kodiac,IRE,2,bay,Mr Jaber Abdullah,Kodiac (UK),Shy Angel (UK),Zamindar (GER),filly,,,,,,,,,,,,,,,,,,,,,,,,,
156036,,,183512,2025-08-26,Land Of Spirit,IRE,2,bay,Joe Bolger,Invincible Spirit (IRE),Happy Land (IRE),Refuse To Bend (IRE),filly,,,,,,,,,,,,,,,,,,,,,,,,,
156037,,,183490,2025-08-26,Make Her Believe,IRE,2,bay,Mr Abubaker Kadoura,Make Believe (UK),Creme Anglaise (UK),Motivator (UK),filly,,,,,,,,,,,,,,,,,,,,,,,,,
156038,,,183489,2025-08-26,Red Eve,IRE,2,chestnut,Emma Cracknell & Partner,Earthlight (IRE),Alosha (IRE),Alhebayeb (IRE),filly,,,,,,,,,,,,,,,,,,,,,,,,,
156039,,,183508,2025-08-26,Royal Impact,IRE,3,bay,Miss C Benson,Far Above (IRE),Queen Of Dunsany (IRE),Most Improved (IRE),gelding,,,,,,,,,,,,,,,,,,,,,,,,,
156040,,,183508,2025-08-26,Santa Des La Rosa,IRE,3,bay,Mrs Amanda Duffield,Profitable (IRE),Anyonecanbeasaint (IRE),Holy Roman Emperor (IRE),filly,,,,,,,,,,,,,,,,,,,,,,,,,
156041,,,183489,2025-08-26,Snow Day,GB,2,bay,Lpog & Partners,Aclaim (IRE),Neige D'antan (UK),Aussie Rules (USA),filly,,,,,,,,,,,,,,,,,,,,,,,,,
156042,,,183512,2025-08-26,Spiced Gold,IRE,2,bay,Mrs Pauline Mccourt,Kuroshio (AUS),Stylish Design (FR),Henrythenavigator (USA),gelding,,,,,,,,,,,,,,,,,,,,,,,,,
156043,,,183489,2025-08-26,Virginia Moon,GB,2,bay,Burns Farm Racing,Territories (IRE),Moon Melody (UK),New Approach (IRE),filly,,,,,,,,,,,,,,,,,,,,,,,,,
156044,,,183508,2025-08-26,Yup Bro,IRE,3,bay,Mrs Wendy O'Leary,Belardo (IRE),Causeway Charm (USA),Giant's Causeway (USA),gelding,,,,,,,,,,,,,,,,,,,,,,,,,
