id,race_id,horse_number,Draw,Horse_ID,Country,Name,Age,weight_uk,weight,gears,Horse_rate,jockey_ID,jockey,trainer_ID,trainer,fav,odds,odds_decimal,Timeform_comments
300034,183488,1,8,113372,USA,Moel Arthur,7,11-2,70.75,t,70,6284.0,Mr E Cagney,235.0,B R Johnson,,,,"Ran to form when beaten 2l off a mark of 70 over 1m6f at Sandown last time. This is a significant jockey booking. Suited by 2m, with the pace to be effective at 14f, and can win off this mark."
300035,183488,2,7,132833,FR,Sun Dancer Girl,4,11-2,70.75,None,70,6553.0,Miss Remie Morgan,1184.0,F O'Brien,,,,Disappointing flat return when well beaten in a handicap at Kempton last time. Generally consistent at 2m on the all-weather for her old yard and could bounce back.
300036,183488,3,4,146773,IRE,Senor Cortez,4,11-0,69.85,None,68,6794.0,Mr Henry Callan,4189.0,R Eddery,,,,"Won readily, improving on his turf debut when landing a handicap by 9l off 60 over 1m6f at Yarmouth last time. Effective over 14f on the all-weather. Progressive and could improve further for 2m."
300037,183488,4,5,104558,GB,Eagle One,7,10-9,67.55,tp,63,5310.0,Miss Amber Jackson-Fennell,49.0,N A Twiston-Davies,,,,"Ran to form when fourth, beaten 6 1/4l, in a handicap at Kempton last time. Returning from a long layoff. Effective from 11f to 16f on the all-weather; has had issues."
300038,183488,5,1,86513,GB,Atalanta Breeze,9,10-6,66.2,v,60,6244.0,Miss Alice Tregoning,896.0,M P Tregoning,,,,Needed the run when beaten 7l in a handicap over 1m6f at Ffos Las last time. Generally consistent over 12-14f and acts on the all-weather.
300039,183488,6,6,94028,GB,Throne Hall,8,10-4,65.3,b,58,4462.0,Miss Brodie Hampson,4143.0,A Watson,,,,"Went clear but made too much use of, beaten 2l off 58 over 12f at Catterick last time. Suited by 14f+, acts on any surface. Capable off this mark but inconsistent in form."
300040,183488,7,2,136784,IRE,Tango Sunset,4,10-1,63.95,None,55,6995.0,Mr Frederick Tett,303.0,R A Teal,,,,"Ran to form when dropping back in trip on her turf return, finishing fourth beaten 5l in a handicap over 12f at Epsom last time. Stays 2m and acts on the all-weather, though she is inconsistent."
300041,183488,8,3,81052,GB,Wilderness,10,10-0,63.5,b,54,7009.0,Miss Daisy Warden,206.0,J W Mullins,1st,22/1,23.0,"Completely blew the start and had no chance, comfortably held in a handicap over 1m6f at Yarmouth last time. A veteran who is effective from 12f to 16f but not the force of old, though she has dropped a long way in the weights."
300042,183489,1,10,156028,GB,Actually Ann,2,9-2,58.05,None,-,3023.0,Rob Hornby,224.0,J G Portman,,,,"29 Apr; £16,000 Mohaather filly; half-sister to Spirit Of Applause, very useful at 5f; wide draw; probably need the experience"
300043,183489,2,1,154458,GB,Angels Share,2,9-2,58.05,None,63,4705.0,Marco Ghiani,493.0,W J Knight,,,,No match for smart winner but improved again when second beaten 7 1/2l in a novice at Yarmouth latest; may yet progress further
300044,183489,3,8,156032,GB,Betty Lemon,2,9-2,58.05,None,-,4468.0,D Egan,29.0,H Morrison,,,,"27 Mar; Land Force filly; half-sister to Landshark, very smart at 6f; wide draw; probably come on for the run"
300045,183489,4,7,155268,IRE,Boss Lady,2,9-2,58.05,None,-,5547.0,S D Bowen,3537.0,Hilal Kobeissi,,,,"Similar form to debut when second beaten 2l in a maiden over 6f at Chepstow latest; effective 6f, probably get 7f, acts on good; likely a little to come"
300046,183489,5,4,155281,GB,Laser Luck,2,9-2,58.05,None,-,3005.0,Oisin Murphy,4096.0,Brian Toomey,,,,"Green early, solid debut beaten 2l in a maiden over 6f at Windsor on debut; very stoutly bred on dam's side; should improve as goes up distances"
300047,183489,6,9,156038,IRE,Red Eve,2,9-2,58.05,None,-,3574.0,Tom Marquand,223.0,R Hannon,,,,"15 Feb; 13,000gns Earthlight filly; half-sister to Bernadine, useful at 8f; wide draw; yard do well with youngsters"
300048,183489,7,6,156041,GB,Snow Day,2,9-2,58.05,None,-,6490.0,Jack Doughty,135.0,A W Carroll,,,,"9 Apr; 1,000gns Aclaim filly; half-sister to Nostalgie, very useful at 7f; dam fair at 9f; very cheap purchase"
300049,183489,8,5,153887,GB,Sunshine And Roses,2,9-2,58.05,None,59,1414.0,Charles Bishop,4209.0,J Channon,,,,Ran to same level as first two starts beaten 5l in a maiden over 6f at Southwell last time; trainer in form; effective 6f on a sound surface; doesn't seem to be progressing
300050,183489,9,2,155292,IRE,Therefore,2,9-2,58.05,None,-,7004.0,H Crouch,3791.0,Jack Jones,1st,11/1,12.0,Just a fair effort beaten 5l in a maiden over 6f at Windsor on debut; bred to be suited by 7f; should improve
300051,183489,10,3,156043,GB,Virginia Moon,2,9-2,58.05,None,-,3755.0,George Wood,4428.0,Lemos Souza,,,,"21 Feb; 3,000gns Territories filly; full-sister to Virtue Patience, fair at 8f; likely to need the experience"
300052,183490,1,5,156029,GB,Aunt Em,2,9-2,58.05,None,-,3755.0,George Wood,361.0,J R Fanshawe,,,,"11 Feb; 14,000gns Dream Ahead filly; half-sister to Northernpowerhouse, very useful at 6f; dam very smart at 6f at 2yo; trainer in form"
300053,183490,2,4,156030,GB,Barbuda Bay,2,9-2,58.05,None,-,4174.0,Rossa Ryan,303.0,R A Teal,,,,"15 Feb; 7,000gns Starman filly; half-sister to Brideshead, useful at 11f; dam very useful at 10f; probably need the experience"
300054,183490,3,8,155692,GB,Galileo Charm,2,9-2,58.05,None,-,193.0,R Havlin,24.0,M Botti,,,,Good attitude and promising debut when runner-up beaten a length in a maiden at Kempton; wide draw; bred to be suited by a mile; should improve
300055,183490,4,1,155785,GB,Lady Milton,2,9-2,58.05,None,-,3023.0,Rob Hornby,224.0,J G Portman,,,,"Didn't show much when well beaten in a novice over 6f at Newbury only start; sire sprinter, dam miler; quite small but ought to do better"
300056,183490,5,3,155144,GB,Lyra Lea,2,9-2,58.05,None,68,3797.0,Lewis Edmunds,162.0,B R Millman,,,,"Every chance but gave impression ground a bit too quick when second beaten 6l in a novice over 8f here latest; effective 7f, may prefer easy surface"
300057,183490,6,7,156037,IRE,Make Her Believe,2,9-2,58.05,None,-,1067.0,K T O'Neill,3582.0,Alice Haynes,,,,"14 Feb; 15,000 euros Make Believe filly; half-sister to Crema Inglesa, very useful at 12f; dam smart at 12f; yard can get 2yo's ready"
300058,183490,7,6,155701,GB,Onwardupward,2,9-2,58.05,None,-,5303.0,Frederick Larson,4428.0,Lemos Souza,1st,11/1,12.0,Raced too freely and didn't see it out beaten 5 1/4l in a maiden at Kempton on debut; big filly; can rate more highly though may want 6f
300059,183490,8,2,153886,GB,Sovereign Bright,2,9-2,58.05,None,72,221.0,J Mitchell,4122.0,C Johnston,,,,"Tired late on testing ground and head came up again when beaten 5l in a nursery at Goodwood last time; effective 6/7f, acts on good to firm and all-weather; struggling to get home"
300060,183491,1,11,141143,GB,Maritime Mist,5,9-9,61.2,None,50,6490.0,Jack Doughty,329.0,P R Chamings,,,,Continued in poor form when well beaten in a maiden over 11f at Southwell last time; yet to show anything in bumpers or flat maidens.
300061,183491,2,10,134042,GER,Mond,7,9-9,61.2,h,47,3023.0,Rob Hornby,4152.0,C Wallis,,11/1,12.0,"Outpaced and ran poorly when beaten 9l in a classified race over 10f here last time; generally out of form. Effective over middle distances and well treated on old French form, but struggling of late; step up to 12f worth trying."
300062,183491,3,6,110823,GB,Nasim,6,9-9,61.2,None,50,3287.0,K Shoemark,4268.0,M Pattinson,2nd,5/1,6.0,Ran to form dropped in trip when winning a classified race at Windsor over 10f by a head last time; effective from 8-12f. Not the force of old despite that success and needs to back it up.
300063,183491,4,2,106497,GB,Pablo Prince,7,9-9,61.2,p,49,193.0,R Havlin,4179.0,K Jewell,,,,"Never involved when beaten 9l in a handicap over 11f at Windsor last time; generally out of form. Top jockey back on board; effective at 11/12f and possibly better on all-weather, but overall form has dipped."
300064,183491,5,1,118990,GB,Pending Appeal,5,9-9,61.2,None,45,5950.0,Alec Voikhansky,4239.0,K Frost,,,,"Ran to form when fourth, beaten 2l, in a handicap over 10f at Leicester last time. Probably best at 10f, acts on any surface, and hinting at a return to form."
300065,183491,6,12,121141,IRE,Sir Laurence Graff,5,9-9,61.2,None,49,2501.0,Joey Haynes,4149.0,C Banham,,,,Did too much too soon and was beaten 9l in a classified race over 10f here last time; had been in good form prior. Acts on good and all-weather; effective at 10f but stamina for further remains unproven.
300066,183491,7,9,131308,FR,Sneaky Blinder,4,9-9,61.2,p,50,22.0,L Morris,4156.0,R Stephens,,,,Ran to form when 2 1/2l third in a handicap over 1m5f at Bath last time. Suited by 12f and probably stays 2m; best on a sound surface and consistent.
300067,183491,8,4,153583,IRE,Both Of Us,3,9-0,57.15,t,49,5838.0,Billy Loughnane,4126.0,G Boughey,,,,"Below form when upped in trip and may not have stayed, beaten 8 1/4l in a handicap over 10f here last time; generally out of form. Trainer is in form; wears tongue-tie first time. Effective at 1m on a sound surface but stamina unproven."
300068,183491,9,8,141865,GB,Celtic Diligence,3,9-0,57.15,None,47,2799.0,Paddy Bradley,211.0,P Phelan,,,,Outpaced and appeared unsuited by the drop in trip when beaten 9l in a classified race over 10f here last time. Probably flattered by novice ratings and likely needs 12f.
300069,183491,10,3,146647,FR,Godstone,3,9-0,57.15,tv,50,3574.0,Tom Marquand,4154.0,T Ward,,40/1,41.0,"Made too much use of when upped in trip, did not stay and was well beaten in a handicap over 1m6f at Nottingham last time. Generally out of form; visor first time. Has beaten only one home in handicaps and looks flattered by novice form; plenty to prove."
300070,183491,11,7,152161,GB,Kilima,3,9-0,57.15,p,48,4174.0,Rossa Ryan,3834.0,James Owen,1st,7/2,4.5,"Ran to form when second, beaten 1 1/2l, in a handicap over 11f at Yarmouth last time. Suited by 11/12f and a sound surface; capable of better if presented with a stiff test."
300071,183491,12,5,144961,IRE,Silk And Steel,3,9-0,57.15,p,50,4468.0,D Egan,4347.0,G & J Moore,,,,Improved back down in trip and grade to win a classified race at Brighton by a length last time; effective at 11-12f on good to firm and all-weather. More to come judged on hurdles win.
300072,183492,1,2,146619,IRE,Sovereign Lad,3,9-9,61.2,t,60,5838.0,Billy Loughnane,4159.0,D M Loughnane,,,,Never competitive after missing the break when well beaten in a maiden over 7f at Wolverhampton last time; trainer in form; tongue-tie fitted for the first time; effective at 7f on all-weather; debut effort looks flattered.
300073,183492,2,4,154384,GB,Grey Selkie,3,9-9,61.2,None,60,22.0,L Morris,1039.0,J Gallagher,,,,"Showed some improvement on final qualifying run, finishing fourth and beaten 6l in a novice at Windsor latest; needs to back up that effort."
300074,183492,3,8,138120,IRE,Clever Jack,3,9-8,60.75,None,59,7004.0,H Crouch,29.0,H Morrison,,,,"Below form in first-time blinkers, comfortably held in a handicap at Nottingham last time; returns from a short break; effective at 7f on all-weather but yet to prove stamina for further."
300075,183492,4,10,138181,GB,Jet Packer,3,9-8,60.75,None,59,6949.0,Donagh Murphy,112.0,J R Boyle,,,,Raced solo out wide and stopped quickly in a first-time visor when comfortably held in a handicap at Salisbury last time; generally out of form and appears to be regressing.
300076,183492,5,1,140537,GER,Northern Blaze,3,9-6,59.85,tv,57,3574.0,Tom Marquand,4154.0,T Ward,,,,Needed the run when well beaten in a handicap over 10f at Nottingham latest; visor applied for the first time; significant jockey booking; effective at 1m on all-weather but something to prove after reappearance.
300077,183492,6,11,141635,GB,Harryella,3,9-6,59.85,None,57,3005.0,Oisin Murphy,361.0,J R Fanshawe,1st,5/4,2.25,Forced wide from a poor draw when beaten 8l in a handicap at Kempton last time; in good form before that; significant jockey booking; effective at 8-10f on all-weather; generally consistent and had excuses latest.
300078,183492,7,3,136846,IRE,Muy Muy Loco,3,9-5,59.4,h,56,2799.0,Paddy Bradley,288.0,S Dow,,,,Below par back from a short break when beaten 9 1/4l in a handicap at Windsor last time; had been in good form prior; effective at 7-8f on a sound surface; generally consistent and can bounce back.
300079,183492,8,9,142707,IRE,English Lady,3,9-4,58.95,h,55,1067.0,K T O'Neill,227.0,D K Ivory,,,,Continued in poor form when beaten 4 1/2l in a handicap over 7f at Wolverhampton last time; hood fitted for the first time; yet to reproduce the promise of her debut win.
300080,183492,9,5,153491,GB,Keep Talking,3,9-1,57.6,None,52,6825.0,Ashley Lewis,111.0,J S Moore,,,,"Below form when beaten 6l in a handicap at Windsor last time; usually consistent; effective at 7f on a sound surface, but current mark looks stiff on shown form."
300081,183492,10,6,147504,IRE,Maury,3,9-1,57.6,None,52,4077.0,Georgia Dobie,4357.0,Craig Benton,2nd,22/1,23.0,Remained in poor form when comfortably held in a handicap over 7f at Epsom last time; probably does not handle good to firm; limited worthwhile form.
300082,183492,11,7,144757,GB,Princess Qajar,3,8-11,55.75,p,48,221.0,J Mitchell,303.0,R A Teal,,,,"Below par when dropped in trip, finishing down the field in a classified race at Brighton most recently; significant jockey booking; exposed maiden."
300083,183493,1,4,135685,GB,Bretton Wood,3,9-9,61.2,None,60,1414.0,Charles Bishop,4209.0,J Channon,,,,Ran to form when beaten 2l off 62 at Ffos Las last time; out of form in 2025.
300084,183493,2,9,146142,GB,Final Night,3,9-9,61.2,None,60,4468.0,D Egan,2260.0,J Butler,,,,"Returned to form back down in trip, possibly moved too soon when beaten 2 1/4l off 58 at Windsor last time; significant jockey booking; wide draw; effective 7-8f on all-weather; could build on latest."
300085,183493,3,7,144120,GB,Beta Reader,3,9-8,60.75,p,59,3304.0,Callum Shepherd,4122.0,C Johnston,,,,"Didn't get a clear run, found little when in the clear and hung on an undulating track when fourth beaten 4l in a 10f handicap at Ripon last time; effective 7-8f, doesn't appear to stay further, can bounce back."
300086,183493,5,2,146990,GB,Papa Oscar,3,9-6,59.85,None,57,4705.0,Marco Ghiani,4261.0,C Hobson,,,,Needed the run when down the field in a Kempton handicap most recently; usually consistent; significant jockey booking; effective 7-8f on all-weather; could leave reappearance form behind.
300087,183493,6,1,144972,GB,Amber Honey,3,9-5,59.4,p,56,4174.0,Rossa Ryan,295.0,E A L Dunlop,,,,Ran to form in first-time cheekpieces when beaten a length off 56 over 7f at Wolverhampton last time; significant jockey booking; effective 7-9f on all-weather.
300088,183493,7,6,139024,IRE,Tobys Time,3,9-4,58.95,None,55,5838.0,Billy Loughnane,4159.0,D M Loughnane,,,,Returned to form up in trip when beaten 3l off 55 over 9f at Wolverhampton last time; trainer in form; effective 7-8f on all-weather; on a workable mark and likely has more to offer.
300089,183493,8,5,144503,GB,Prima Diva,3,9-2,58.05,None,53,3023.0,Rob Hornby,224.0,J G Portman,,,,Scored by 1/2l off 50 at Windsor on penultimate start; below form off revised mark in a stronger race when sixth beaten 8l off 53 last time; effective at 1m on all-weather; inconsistent.
300090,183493,9,3,138237,GB,Jack Andrea,3,9-1,57.6,p,52,5587.0,Harry Davies,4189.0,R Eddery,,,,Did not stay when beaten 3 1/2l off 53 over 10f at Chelmsford last time; effective at 1m on all-weather; maiden who looks exposed.
300091,183493,10,8,142114,GB,Pretty Spirited,3,8-13,56.65,None,50,5950.0,Alec Voikhansky,4239.0,K Frost,,,,Returned to form back down in trip when landing a handicap by 2l off 47 at Leicester last time; wide draw; suited by 1m on all-weather and consistent in those conditions.
300092,183494,1,8,134323,IRE,King David,4,10-0,63.5,p,70,5587.0,Harry Davies,24.0,M Botti,,,,Needed the run when beaten 7 1/4l in a handicap at Doncaster last time; had been in good form prior. Drawn wide but generally consistent over 7-8f on the all-weather and must rebound from that reappearance.
300093,183494,2,9,121895,GB,Daisy Roots,5,9-12,62.55,None,68,3574.0,Tom Marquand,112.0,J R Boyle,,,,"Scored by 1/2l off 65 here three starts ago. Made too much use of but not disgraced when fifth, beaten 4l off 69 last time. Significant jockey booking and drawn wide; effective at 7-8f; generally consistent."
300094,183494,3,5,137805,IRE,Maid In Chelsea,4,9-12,62.55,None,68,1414.0,Charles Bishop,308.0,Eve Johnson Houghton,,,,Below form though just about stayed the longer trip when beaten 3 1/4l off 70 at Newbury last time. Effective at 5-6f and just about sees out 7f; currently in moderate form.
300095,183494,4,10,132419,GB,Bella Bisbee,4,9-12,62.55,p,68,7004.0,H Crouch,295.0,E A L Dunlop,,,,Did too much too soon after missing the break and was well beaten in a handicap over 8f at Newmarket (July). Cheekpieces applied for the first time and top jockey returns. Drawn wide; effective at 7/8f on AW; can bounce back.
300096,183494,5,2,126664,GB,Bint Havana Gold,4,9-11,62.1,p,67,4172.0,Finley Marsh,4207.0,R Hughes,,,,Ran poorly up in grade and finished down the field in a Kempton handicap most recently. Cheekpieces tried for the first time and top jockey back on board. Effective at 7f on AW; poor last twice but handicapper easing the burden.
300097,183494,6,6,129873,IRE,Flag Carrier,4,9-10,61.65,None,66,3304.0,Callum Shepherd,4096.0,Brian Toomey,,,,"Below form when raised in grade but did pull well clear of the remainder when second, beaten 7l, in a Salisbury handicap over 8f. Effective 7-8f on AW; looks on a workable mark."
300098,183494,7,1,134106,GB,Thorntonledale Max,4,9-9,61.2,h,65,22.0,L Morris,244.0,D M Simcock,,,,Poorly placed after missing the break again when beaten 4 1/2l in a handicap at Southwell last time. Usually consistent and effective over 7f on AW but there are concerns over enthusiasm.
300099,183494,8,7,110450,GB,Ernies Valentine,6,9-9,61.2,p,65,221.0,J Mitchell,4445.0,Ross Burdon,,,,Made too much use of and finished down the field in a handicap at Newmarket (July) last time. Generally out of form but appears better on AW and effective at 7-8f; overall out of form in 2025.
300100,183494,9,3,137051,GB,Saytarr,3,9-5,59.4,None,66,4174.0,Rossa Ryan,4260.0,C Fellowes,1st,11/8,2.38,"Ran to form when pulling clear of the remainder, beaten a neck off 66 over 6f at Kempton last time. Significant jockey booking; effective on AW; generally consistent at 6f."
300101,183495,1,9,130197,GB,Gogo Yubari,4,9-9,61.2,None,57,4694.0,Rhys Clutterbuck,135.0,A W Carroll,,,,Scored by 1/2l off 53 over 5f at Windsor on her penultimate start; below form when eighth beaten 5l off 58 last time. Effective over 5-6f on a sound surface but inconsistent.
300102,183495,2,11,92399,GB,Sir Rodneyredblood,8,9-9,61.2,p,57,4705.0,Marco Ghiani,154.0,J R Jenkins,,,,Won this race last year; needed the run when fourth beaten 3 1/2l in a classified contest over 5f at Yarmouth latest. Veteran effective over 5-6f but inconsistent as a front runner.
300103,183495,3,10,144309,IRE,Travel Agent,3,9-9,61.2,None,60,5070.0,Tyler Heard,4085.0,Martin Dunne,,,,Outpaced and looked unwilling when down the field in a handicap at Newmarket (July) most recently. Generally out of form with no worthwhile performances.
300104,183495,4,2,137994,GB,Rumba Bay,3,9-8,60.75,None,59,4174.0,Rossa Ryan,114.0,P D Evans,,,,Below par in first-time visor when beaten 4 1/4l in a handicap here last time. Effective over 6-7f; looks on a stiff mark.
300105,183495,5,7,142078,GB,Jake Loves Laura,3,9-7,60.3,None,58,22.0,L Morris,4261.0,C Hobson,,,,Ran to form when beaten 2l off 57 at Wolverhampton last time. Inconsistent over 6f and yet to prove effectiveness on turf.
300106,183495,6,4,110033,GB,Mary Of Modena,6,9-6,59.85,None,54,2799.0,Paddy Bradley,126.0,M J Attwater,,,,"Returned to form back up in trip off a reduced mark, landing a handicap by a head off 51 here last time. Will remain well treated on old form."
300107,183495,7,6,128658,IRE,Phoenix Moon,4,9-6,59.85,None,54,3005.0,Oisin Murphy,975.0,D J Coakley,,,,Outpaced but ran to form when beaten 3l off 54 at Windsor last time. Effective at 6f on a sound surface and now down to a workable mark.
300108,183495,8,8,141746,GB,Commendation,3,9-6,59.85,p,57,5838.0,Billy Loughnane,4411.0,Michael Keady,2nd,11/1,12.0,Never competitive after missing the break when down the field in a handicap at Windsor most recently. Usually held up; top jockey back on board but inconsistent with slow starts a serious issue.
300109,183495,9,5,127566,GB,Mammy,4,9-6,59.85,None,54,3287.0,K Shoemark,4009.0,Rachel & Bridger,1st,19/5,4.8,Returned to form on quicker ground when beaten a length off 54 at Windsor last time. Effective over 6-7f on a sound surface; fairly treated if building on that revival.
300110,183495,12,1,138575,IRE,Beautiful Things,3,9-3,58.5,p,54,1414.0,Charles Bishop,126.0,M J Attwater,,,,"Below form, possibly finding ground too quick when beaten 5l in a handicap over 5f at Chepstow last time. Generally out of form and remains a maiden, now returning from a short break."
300111,183496,1,1,135147,GB,Time Tested,4,10-0,63.5,t,72,4857.0,Joe Bradnam,318.0,M L W Bell,,,,Well backed when landing a handicap by 1 1/4l off 68 at Chelmsford last time. Better form has come on the all-weather. The pick on the balance of form.
300112,183496,3,8,133536,GB,Woodstock City,5,9-9,61.2,p,67,4356.0,Zak Wheatley,45.0,Ian Williams,,,,Won this last year. Made too much use of in first-time cheekpieces and was well beaten in a handicap over 11f at Yarmouth latest. Generally out of form but has a significant jockey booking. Effective at 10-12f on a sound surface and mark becoming more workable.
300113,183496,4,7,131607,GB,Triple Force,4,9-7,60.3,v,65,5248.0,William Pyle,3741.0,Craig Lidster,,,,"Game and all out, but produced another good effort when scoring by 1 1/2l off 59 at Beverley in June on second run in a visor. Suited by 10f on a sound surface. Latest run worth marking up and capable of better."
300114,183496,5,4,72797,GB,Poets Dawn,10,9-7,60.3,p,65,6817.0,Jake Dickson,470.0,T D Easterby,,,,"Well backed and ran to form when scoring by a nose off 63 at Beverley on his penultimate start. Ran to form again when third, beaten 4 1/2l off 67 last time. From a top course trainer. Effective from 1m to 1m2f. In form though current mark could be stiff."
300115,183496,6,5,94356,IRE,Dandys Angel,8,9-4,58.95,None,62,6504.0,Tom Kiely-Marshall,351.0,J S Wainwright,,,,"Returned to form when dropped in grade at a favoured venue, scoring by 1/2l off 62 at Beverley in July. Outpaced and below form when fourth, beaten 7l off 63 last time. Usually held up and effective over 10f. An inconsistent veteran."
300116,183496,7,3,119769,IRE,Bay Dream Believer,6,9-3,58.5,h,61,6234.0,Rhys Elliott,4147.0,M Walford,,,,Up 2lb and ran to form when overcoming trouble to land a handicap by a neck off 59 here last time. Usually held up. Suited by 10f on a sound surface and should remain competitive off the revised mark.
300117,183496,8,2,18830,GB,Little Ted,8,8-13,56.65,p,57,5117.0,Alex Jary,470.0,T D Easterby,,,,"Overcame trouble at the start to take advantage of a reduced mark, scoring by 1/2l off 54 over 8f at Leicester three starts back. Ran to form when second, beaten a neck off 56 last time. Acts on good to soft and good to firm over 8-10f. Remains well treated on old form."
300118,183497,1,6,155077,GB,Go Lockers Go,2,9-7,60.3,h,-,1922.0,Jason Hart,318.0,M L W Bell,,,,Good attitude and solid effort finishing 7 1/4l third in a maiden over 6f at Hamilton most recent run; hood first time; may be best suited by 5f; could be a bit to come
300119,183497,2,8,156034,IRE,Kind Touch,2,9-7,60.3,None,-,3548.0,O J Orr,6.0,R A Fahey,,,,"26 Feb; 48,000 euros breeze-up purchase by Kodi Bear; half-brother to Hubert, very useful at 7f; dam very smart at 7f at 2yo; wide draw; should be sharp sort"
300120,183497,3,2,155729,IRE,Noble Vow,2,9-7,60.3,None,-,928.0,S M Levey,223.0,R Hannon,,,,Minor late gains without being given hard time third when beaten 8 1/2l in a novice over 6f at Salisbury debut; quite speedily-bred; should make normal improvement
300121,183497,4,7,155130,GB,Rogue Rebellion,2,9-7,60.3,t,-,794.0,D Tudhope,1642.0,D O'Meara,,,,"Alone on wrong side in the closing stages when well beaten in a maiden at Beverley only start; tongue-tie first time; bred for speed; small, pottery action, doesn't instil confidence"
300122,183497,5,4,153288,GB,Schrodingers Cat,2,9-7,60.3,p,78,3661.0,Callum Rodriguez,4104.0,Harry Charlton,,,,"Well backed, missed the break and didn't get the best trip when fourth beaten 3/4l in a novice at Musselburgh latest; cheekpieces first time; suited by 5f and sound surface; typically sharp sprinting 2yo"
300123,183497,6,5,155679,IRE,Soul Warrior,2,9-7,60.3,None,-,5117.0,Alex Jary,802.0,N Tinkler,,,,Didn't settle early and tired badly late when well beaten in a maiden over 6f at Haydock only start; speedily-bred; needs to settle to improve
300124,183497,7,1,154981,IRE,Tafah,2,9-7,60.3,None,-,5660.0,Connor Planas,4208.0,D Loughnane,1st,9/1,10.0,"Very green, ran through tiring rivals late when third beaten 4 1/2l in a maiden over 6f at Bath debut; speedily-bred; should have learned plenty for first run"
300125,183497,8,3,156035,IRE,Lady Kodiac,2,9-2,58.05,None,-,3348.0,C Lee,2238.0,J Tate,,,,"11 Mar; Kodiac filly; half-sister to Caffu Zafeen, useful from 6f to 7f; dam smart at 10f; interesting debutant but farther may have suited better"
300126,183498,1,3,152435,GB,Hanney Girl,2,9-9,61.2,t,70,1026.0,D Allan,470.0,T D Easterby,,,,"Improved when dropped in grade in a first-time tongue tie, winning a Beverley maiden by 3/4l last time; top course jockey/trainer combination; effective at 5f on good to firm and good to soft; steadily progressing."
300127,183498,2,1,153440,GB,Straight Ahead,2,9-8,60.75,None,69,1003.0,S H James,3741.0,Craig Lidster,,,,"A bit keen but improved when dropped in trip under a positive ride on handicap debut, beaten 2 1/2l off 69 at Musselburgh last time; suited by 5f; on a good mark and can win if settling better."
300128,183498,3,4,152642,GB,Jack Rabbit Slims,2,9-6,59.85,None,67,122.0,D Nolan,4112.0,Tony Coyle & Kaine Wood,,,,"Made too much use of on handicap debut and was well beaten in a nursery over 6f here last time; effective at 5-6f, best form so far with cut; mark looks high enough."
300129,183498,4,5,153002,GB,Sinj,2,9-6,59.85,None,67,928.0,S M Levey,223.0,R Hannon,1st,19/5,4.8,"Ran to form when beaten 3/4l off 67 at Thirsk last time; effective on good, good to firm and good to soft; shows plenty of speed and best at 5f."
300130,183498,5,8,151746,GB,Rotokura Belle,2,9-5,59.4,None,66,5317.0,Elle-May Croot,4164.0,I Furtado,,,,"Forced to switch and had a bit too much to do when fourth, beaten 5l in a Beverley maiden last time; wide draw; effective at 5f on a sound surface; quite small."
300131,183498,6,2,154358,GB,Powernap,2,8-12,56.2,None,59,3030.0,Joanna Mason,3564.0,J Bedi,2nd,18/1,19.0,A bit below form on softer ground when well beaten in a Beverley maiden last time; probably has a bit more to come in handicaps.
300132,183498,7,6,154824,IRE,Runninman,2,8-11,55.75,None,58,4356.0,Zak Wheatley,990.0,Mrs A Duffield,2nd,18/1,19.0,Poor run when comfortably held in a 6f novice at Carlisle last time; generally out of form; trainer in form; yet to build on debut; needs more in handicaps.
300133,183498,8,7,152066,IRE,Dakota Dawn,2,8-11,55.75,None,58,1922.0,Jason Hart,4110.0,J & S Quinn,,,,Made too much use of when beaten 4l in a Beverley nursery last time; effective at 5f on good ground; yet to match maiden form.
300134,183499,1,3,101261,GB,Kats Bob,7,10-2,64.4,v,80,5248.0,William Pyle,679.0,Mrs R Carr,,,,Game when scoring by 1/2l off 80 at York in June; ran to form when third beaten 4 1/4l off 81 last time. Consistent over 6f on a sound surface and now back on last winning mark.
300135,183499,2,6,134246,GB,Raffles Angel,4,9-13,63.0,None,77,5966.0,Dylan Hogan,3791.0,Jack Jones,,,,"Travelled well when winning by 1/2l off 74 at Haydock penultimate start; below form up in grade off a revised mark when eighth beaten 7l off 77 last time. Effective at 6f on a sound surface, though handicapper may have caught up."
300136,183499,3,4,125290,GB,Woodstock,5,9-12,62.55,b,76,1922.0,Jason Hart,679.0,Mrs R Carr,1st,17/2,9.5,Outpaced and unsuited by the drop in trip when beaten 7l in a handicap here last time. Blinkers first time; effective at 7f on good to firm or good to soft but lacks pace for shorter.
300137,183499,4,10,124920,IRE,Wreck It Ryley,5,9-10,61.65,v,74,2047.0,D Swift,18.0,A D Brown,,,,"Won this race last year. Outpaced and below form when down the field in a handicap here most recent, though in good form prior. Wide draw; effective at 6f on good or soft; may need to come down a few lbs."
300138,183499,5,11,138569,IRE,Ziggys Ariel,3,9-9,61.2,p,76,5206.0,Christian Howarth,3582.0,Alice Haynes,,,,"Made too much use of but ran to form when fourth beaten 5 1/4l in a handicap here latest. Steadily progressive, enjoys making it, though has a wide draw. Goes well at Ripon and back on a workable mark."
300139,183499,6,8,138966,IRE,Ay Gee Ell,3,9-8,60.75,t,75,5727.0,Ethan Tindall,6.0,R A Fahey,,,,"Made too much use of up in grade and trip chasing the leader, not getting home when beaten 8 1/2l in a Doncaster handicap last time. In good form prior and returns from a break; effective at 5f but stamina for 6f remains unproven; generally consistent."
300140,183499,7,12,137177,GB,Lesleys Boy,3,9-7,60.3,v,74,3548.0,O J Orr,6.0,R A Fahey,,,,Hinted at revival off a reduced mark in a first-time visor when beaten 3l off 75 at Doncaster last time. Usually held up and has a wide draw; effective at 6f on good ground. Yet to add to 2yo wins and needs to build on that revival.
300141,183499,8,2,137031,GB,Cairdeas,3,9-7,60.3,None,74,5203.0,Mark Winn,23.0,P T Midgley,2nd,14/1,15.0,Below form when beaten 7l in a handicap over 7f at York last time. Effective at 6-7f but inconsistent.
300142,183499,9,13,82449,IRE,Count Dorsay,9,9-6,59.85,p,70,1026.0,D Allan,470.0,T D Easterby,,,,Below form up in grade and not at the same level nowadays when down the field in a Chepstow handicap most recent. Has a top course jockey/trainer combination but wide draw. Needs some give in the ground; veteran sprinter out of form in 2025 though now on a workable mark.
300143,183499,10,7,139147,IRE,Chuti Manika,3,9-5,59.4,p,72,5908.0,Archie Young,4122.0,C Johnston,,,,Travelled well when scoring by a head off 71 at Catterick three starts back; made too much use of chasing the leader when fourth beaten 6 1/2l off 73 last time. Effective at 6f on good to firm or good to soft; generally consistent but below par last twice.
300144,183499,11,1,129643,IRE,Speeding Bullet,4,9-5,59.4,None,69,122.0,D Nolan,23.0,P T Midgley,,,,Ideally suited by the trip when scoring by a head off 67 at Pontefract three starts back; ran to form when second beaten a neck off 68 last time. Effective at 6-7f on good or soft; well treated on 2yo efforts and back in form.
300145,183499,12,5,117612,IRE,The Green Man,6,9-1,57.6,tv,65,3252.0,Alistair Rawlinson,3563.0,D Brooke,,,,Never competitive after missing the break when well beaten in a 7f handicap at Catterick latest. Effective at 6/7f and acts on any ground but has lost form.
300146,183499,13,9,81824,IRE,Marks Choice,9,8-13,56.65,p,63,1003.0,S H James,4201.0,G Tutty,,,,Scored by 1 1/4l off 58 here three starts back; did not stay when ninth beaten 13l off 63 last time. A Ripon specialist at 6f and on a competitive mark.
300147,183500,1,1,129774,GB,Bowood,5,10-2,64.4,None,68,1922.0,Jason Hart,4164.0,I Furtado,,8/1,9.0,"Produced another poor run after missing the break, beaten 5 1/2l in a handicap here last time. Usually held up and effective from 7f to 1m on a sound surface, but slow starts remain an issue."
300148,183500,2,7,112246,IRE,Pisanello,8,10-1,63.95,v,67,794.0,D Tudhope,1642.0,D O'Meara,2nd,5/1,6.0,"Missed the break and was poorly placed when fourth, beaten 6 1/2l in a handicap at Hamilton last time. Usually held up, with a top jockey back on board, but overall profile is regressive."
300149,183500,3,4,114770,GB,Clear Angel,7,9-13,63.0,None,65,4189.0,Harry Russell,4236.0,S Corbett,,,,"Keen early but still ran to form when beaten 2l off 66 at Thirsk last time. Effective at 1m. Not the force of old, but the handicapper is relenting and there are hints of better to come."
300150,183500,4,6,141362,GB,Thats My Boy Luke,4,9-11,62.1,b,63,1026.0,D Allan,470.0,T D Easterby,,,,"Yard has won two of the last ten runnings. Won going away by 3l off 59 here in July. Ran to form when seventh, beaten 3l off 66 last time. Best at 1m, may not stay 10f, and ideally needs a sound surface."
300151,183500,5,8,134969,GB,Travis,4,9-10,61.65,p,62,1003.0,S H James,792.0,G A Harker,,15/2,8.5,"Raced freely when winning by a head off 61 over 7f at Thirsk in July. Forced wide after a slow start when fifth, beaten 4 1/4l off 62 last time. Wide draw today; effective at 6f/7f. In solid form before latest."
300152,183500,6,5,127586,IRE,Jesmond Dawn,4,9-9,61.2,None,61,4559.0,Oliver Stammers,3071.0,Grant Tuer,,,,Won this race last year. Keen but never threatened when beaten 3 1/2l off 63 at Carlisle last time. Best at 1m on a sound surface and is now back on his last winning mark.
300153,183500,7,3,121599,GB,Dumfries,5,9-8,60.75,None,60,1509.0,J P Sullivan,679.0,Mrs R Carr,1st,16/5,4.2,Ran to form overcoming trouble to win a handicap by 1l off 55 over 7f at Beverley last time. Effective from 7f to 1m and suited by fast ground. Remains competitive off a revised mark.
300154,183500,8,2,137249,IRE,Mrbluesky,3,9-1,57.6,p,59,3548.0,O J Orr,6.0,R A Fahey,,11/2,6.5,Keen and did too much too soon when beaten 4l off 60 at Beverley last time over a slightly longer trip. Effective at 7f/1m on good to firm or good to soft. Running off his last winning mark.
300155,183501,1,7,127726,IRE,Queensland Boy,5,10-2,64.4,None,59,6140.0,Ryan Kavanagh,45.0,Ian Williams,,,,"Yard won this last year; well treated at the weights when scoring by 4l off 54 at Lingfield in May. Ran to form when fourth, beaten 4 1/4l off 61 last time. Effective at 2m; acts on soft; inconsistent."
300156,183501,2,4,94911,GB,Dereham,9,10-0,63.5,None,57,6570.0,Taryn Langley,373.0,John Berry,1st,12/5,3.4,"Scored by 6 1/2l off 52 at Newmarket (July) on his penultimate start. Too much to do but ran to form when second, beaten 9l off 58 last time. Acts on any ground, effective over 14f+; in good form."
300157,183501,3,3,119416,GB,Regally Blonde,6,10-0,63.5,p,57,6871.0,Jack Nicholls,272.0,B I Case,,,,"Game when scoring by a neck off 54 over 1m6f at Nottingham three starts back. Outpaced but ran to form when fourth, beaten 11l off 57 last time. Acts on good to firm and good to soft, effective at 14f; worth another try at 2m."
300158,183501,4,6,121276,GB,Sea Master,5,9-12,62.55,p,55,1509.0,J P Sullivan,679.0,Mrs R Carr,,,,Raced freely when scoring by a short head off 52 over 1m5f at Hamilton on his penultimate start. Cheekpieces first time; effective from 12f to 16f; consistent this year.
300159,183501,5,5,115040,GB,Team Endeavour,6,9-2,58.05,None,45,6504.0,Tom Kiely-Marshall,551.0,F P Murtagh,,,,Ran to form when beaten 5 1/4l in a handicap at Redcar last time. Effective at 2m on a sound surface; unreliable since a layoff.
300160,183501,6,2,124417,GB,Lillistar,5,9-2,58.05,None,45,5307.0,Aiden Brookes,357.0,Micky Hammond,2nd,8/1,9.0,"Did plenty early when lit up by first-time blinkers, beaten 4 1/4l in a 10f handicap at Pontefract last time. Usually consistent but has a bit to find."
300161,183501,7,1,147094,GB,Bovey Belle,3,8-5,53.05,b,45,6234.0,Rhys Elliott,2975.0,Olly Williams,,,,Outpaced and continued in poor form when down the field in a 12f handicap at Catterick most recently. Usually consistent but exposed as poor.
300162,183502,1,1,129852,IRE,Toralou,4,9-8,60.75,None,70,5548.0,Joe Leavy,4159.0,D M Loughnane,1st,evn,2.0,"Ran to form, mile seeming to suit when second beaten a neck in a handicap at Ffos Las latest; trainer in form; suited by a mile and a sound surface; in solid form"
300163,183502,2,3,142426,GER,Magic Boy,3,9-3,58.5,None,70,2916.0,Rowan Scott,802.0,N Tinkler,,,,"Ridden with more restraint and didn't settle when 6l third in a novice over 6f at Salisbury most recent run; effective 6f on a sound surface; game, not quite getting home"
300164,183502,3,4,140917,GB,Elizabeth Bay,3,9-2,58.05,None,72,2892.0,Connor Beasley,4127.0,K Scott,,,,Too keen when fourth beaten 3l in a novice over 7f at Carlisle latest; effective 7/8f on a sound surface; generally consistent
300165,183502,4,2,153924,GB,Tardaff,3,9-2,58.05,None,70,931.0,P Mulrennan,45.0,Ian Williams,2nd,11/4,3.75,"Made too much use of up in trip beaten 9 1/4l in a novice at Kempton last time; in good form prior; top course jockey; effective 7f, not proven beyond, acts on good to soft and good to firm, latter probably suits better"
300166,183503,1,4,154743,GB,Panthere Noir,2,9-9,61.2,None,64,9.0,T Eaves,4486.0,Lucinda & Scud,,,,"Improved under a positive ride when dropped in trip, finishing fourth and beaten 4 1/4l in a 6f maiden at Ayr last time. Trainer in form. Effective over 6-7f on good and good to soft. Opening mark looks reasonable."
300167,183503,2,7,153385,IRE,Port Darwin,2,9-9,61.2,None,64,2892.0,Connor Beasley,4122.0,C Johnston,,,,Below form again on quick ground when comfortably held in a 7f maiden at Beverley last time. Effective over 7f on good ground but has been inconsistent in a short career.
300168,183503,3,5,155084,IRE,Midnight Rodeo,2,9-7,60.3,None,62,931.0,P Mulrennan,2989.0,George Scott,,,,"Yet to show much, having too much to do when beaten 8l in a 6f maiden at Pontefract last time. Ridden by a top course jockey and may improve over a longer trip."
300169,183503,4,6,154748,GB,Time Twister,2,9-6,59.85,None,61,3952.0,Billy Garritty,4184.0,M & D Easterby,,,,Finished well and ran to form when comfortably held in a 7f maiden at Beverley last time. Usually consistent and effective over 7f on good to firm or good to soft. May progress further when stepped up to 1m or more.
300170,183503,5,1,152881,IRE,Lexington Express,2,9-6,59.85,p,61,2916.0,Rowan Scott,3582.0,Alice Haynes,,,,A bit keen but ran to form when beaten 4l off a mark of 62 over 7f at Thirsk last time. Effective over 7f on a sound surface and looks worth a try at 1m.
300171,183503,6,3,151980,GB,Preminision,2,9-2,58.05,None,57,896.0,D Fentiman,470.0,T D Easterby,1st,11/2,6.5,"Ran to form when beaten 3 1/2l off a mark of 59 over 7f at Thirsk last time. Effective over 6-7f on good and good to firm, and may stay 1m."
300172,183503,7,2,154681,IRE,Shes Got The Blues,2,8-13,56.65,None,54,423.0,Barry McHugh,6.0,R A Fahey,,,,"Soon outpaced but ran to form, looking in need of further when beaten 8 1/4l in a 5f novice at Beverley last time. Generally out of form, with modest novice efforts, and may require a step up from sprint trips."
300173,183504,1,2,109105,GB,Golden Rainbow,6,9-9,61.2,tv,55,931.0,P Mulrennan,4121.0,R Menzies,,,,"Did too much too soon over a stretching trip in a race where the pace collapsed, beaten 7 1/4l in a handicap over 6f at Pontefract last time. Ridden by a top course jockey; suited by 5f and a sound surface, needs this drop back in trip."
300174,183504,2,6,124805,IRE,Beaumadier,5,9-9,61.2,None,55,5548.0,Joe Leavy,4159.0,D M Loughnane,1st,11/4,3.75,"Ran to form when beaten a neck off 53 at Lingfield last time. Trainer in form; effective at 5f on soft, good, and all-weather; back on a workable mark."
300175,183504,3,3,136235,GB,Doralee,4,9-8,60.75,None,54,18.0,J Fanning,21.0,T D Barron,2nd,16/5,4.2,"Improved down in grade under a positive ride, winning a classified race at Redcar by 2l last time. Effective at 5f on good and good to firm; needs to confirm latest form returned to handicaps."
300176,183504,4,1,131179,GB,Jamies Choice,5,9-5,59.4,None,51,2892.0,Connor Beasley,507.0,Miss Tracy Waggott,,,,"Poorly placed to challenge, beaten 3l off 51 at Catterick last time. Suited by 5f and a sound surface, may handle soft; out of form."
300177,183504,5,4,105411,GB,Sixcor,7,9-3,58.5,p,49,5521.0,Kaiya Fraser,1345.0,Miss L A Perratt,,15/2,8.5,"Yard has won the last two runnings of this race. Well backed when scoring by 1/2l off 46 at Hamilton in July. Outpaced early when fifth, beaten 6 1/4l off 50 last time. Generally consistent veteran over 5-6f, probably best at the minimum trip."
300178,183504,6,8,127734,GB,Ski Angel,5,9-2,58.05,None,48,2916.0,Rowan Scott,4204.0,R M Smith,,,,"Well backed when winning by a neck off 48 here in July. Made too much use of when stepped up in trip and did not stay, finishing eighth beaten 12l off 49 last time. Has a wide draw; acts on good to firm and good to soft; effective at 5f, needs this drop back in trip."
300179,183504,7,7,92385,IRE,Hard Nut,8,9-0,57.15,None,46,17.0,A Mullen,1345.0,Miss L A Perratt,,,,"Won this race last year. Below form when up in grade, beaten 7l in a handicap at Hamilton last time. Effective at 5f on a sound surface; inconsistent with a poor strike rate."
300180,183504,8,5,145195,GB,Crackinthunder,3,8-13,56.65,None,47,4423.0,Amie Waugh,502.0,J S Goldie,,11/1,12.0,"A bit keen and continued in poor form, well beaten in a novice over 6f at Newcastle last time. From a top course trainer; showed nothing in sprint novices on all-weather; plenty more needed."
300181,183505,1,9,114088,IRE,Without Delay,6,9-9,61.2,p,55,2892.0,Connor Beasley,507.0,Miss Tracy Waggott,,,,"Ran to form when scoring by 3/4l off 54 over 7f at Catterick three starts ago. Stopped quickly up in grade and finished eighth, beaten 18l off 56 last time. Generally consistent at 7f-1m and could bounce back."
300182,183505,2,1,128099,IRE,Overlooked,4,9-9,61.2,p,55,18.0,J Fanning,4118.0,H Bethell,1st,7/2,4.5,Ran to form when beaten 2 1/4l off 55 over 7f at Beverley last time. Still a maiden but the handicapper has relented. Effective between 7f and 1m.
300183,183505,4,7,94026,GB,Temper Trap,8,9-7,60.3,p,53,4553.0,Sean Kirrane,470.0,T D Easterby,,,,"Returned to form when back up in trip at a favoured venue, beaten 1/2l off 53 at Hamilton last time. A Hamilton specialist who is suited by cut and now back to form off a reduced mark, could build on that."
300184,183505,5,6,117112,IRE,Scarriff,7,9-7,60.3,b,53,6617.0,Alfie Redman,4121.0,R Menzies,2nd,11/2,6.5,"Game when scoring by 1/2l off 50 over 9f here three starts back. Made too much use of when rushed up after missing the break and failed to get home, sixth beaten 9l off 53 last time. Effective 8-9f; inconsistent but goes well at Musselburgh."
300185,183505,6,5,84148,GB,Trais Fluors,11,9-7,60.3,None,53,5521.0,Kaiya Fraser,1345.0,Miss L A Perratt,,,,Had too much to do after missing the break and was beaten 3l off 57 at Ayr last time. Usually held up and effective at 7-8f. Inconsistent veteran who is not the force of old.
300186,183505,7,8,120375,IRE,Zebra Star,5,9-6,59.85,None,52,2916.0,Rowan Scott,4204.0,R M Smith,,,,"Possibly idled when hitting the front but scored by 1 1/4l off 49 over 10f at Ayr in July. Ran to form when fourth, beaten 2l off 53 last time. Effective from 7f to 10f and likes Ayr."
300187,183505,8,2,91905,IRE,Jump The Gun,8,9-6,59.85,p,52,5201.0,Mohammed Tabti,948.0,I Jardine,,,,No obvious excuse when beaten 8l in a handicap over 7f at Ayr last time. Effective between 6f and 7f but looks regressive.
300188,183505,9,10,129633,GB,On The Bubble,4,9-0,57.15,v,46,136.0,Greg Fairley,3056.0,Gary Rutherford,,,,"May have found the ground a bit quick when beaten 5l in a handicap at Ayr last time, having been in good form prior. Effective at 8-9f, acts on good ground and handles cut, but has a poor strike rate and moderate current form."
300189,183505,10,4,126915,GB,Selbys Joy,5,9-0,57.15,b,46,17.0,A Mullen,4238.0,B Rothwell,,,,"Another poor run when finishing down the field in a classified race at Thirsk most recently. Generally out of form, exposed as poor, and now wears blinkers for the first time."
300190,183506,1,5,141535,GB,Monetize,3,9-9,61.2,None,65,4230.0,Harrison Shaw,9.0,B Smart,2nd,10/1,11.0,"Badly hampered when under pressure but probably beaten anyway, well beaten in a novice at Redcar latest; effective at 6-7f but inconsistent."
300191,183506,2,8,153602,GB,Wadacre Maestro,3,9-9,61.2,None,65,18.0,J Fanning,4122.0,C Johnston,,,,"Did too much too soon up in trip and did not get home, beaten 7l in a handicap over 8f at Doncaster last time; effective at 7f on good and good to firm; mark looks stiff."
300192,183506,3,4,136254,IRE,Bantz,3,9-5,59.4,None,61,5521.0,Kaiya Fraser,4201.0,G Tutty,1st,8/1,9.0,Outpaced and below par when beaten 9 1/4l in a handicap at Newcastle last time; usually held up; suited by 7f on a sound surface but inconsistent.
300193,183506,5,3,138471,IRE,South Road,3,9-4,58.95,None,60,931.0,P Mulrennan,4486.0,Lucinda & Scud,,,,"Raced freely when scoring by 3/4l off 57 over 6f at Ayr on penultimate start; ran to form off a revised mark when fifth beaten 3l off 60 last time; top course jockey booked; effective at 6f, acts on good and good to soft, may be worth another go at 7f."
300194,183506,6,7,138646,GB,Melissa Honey,3,9-3,58.5,None,59,9.0,T Eaves,448.0,M Herrington,,,,Ran to form when beaten 2 1/4l off 59 at Haydock last time; effective at 6-7f; running into form and recent efforts franked.
300195,183506,7,1,136088,IRE,Tuscan Point,3,9-3,58.5,None,59,3036.0,J Garritty,6.0,R A Fahey,,,,"Keen, went clear and made too much use of, well beaten in a handicap at Ayr latest; effective at 7f on good and good to firm; maiden who needs a more measured ride."
300196,183506,8,2,135534,IRE,Law Degree,3,9-2,58.05,p,58,4553.0,Sean Kirrane,470.0,T D Easterby,,,,"Outclassed up in grade and may have found the ground a bit quick when down the field in a handicap over 8f at Windsor most recently; best with cut, effective at 7-8f; dropping in the weights but largely out of form this term."
300197,183506,9,6,152580,GB,Our Nicola,3,8-4,52.6,None,46,17.0,A Mullen,21.0,T D Barron,,,,Ran to form when beaten 2 1/2l off 46 over 8f at Redcar last time; no really worthwhile form and rating may flatter.
300198,183507,1,2,113269,IRE,Sophiesticate,6,10-0,63.5,None,60,931.0,P Mulrennan,502.0,J S Goldie,1st,evn,2.0,"Bit keen but ran to form when beaten 1/4l off 60 over 10f at Ayr last time. Represents a top course jockey and trainer combination. Generally consistent at 10f and handles soft, good and good to firm ground, while also getting 12f."
300199,183507,2,3,120301,IRE,Rory The Cat,5,9-9,61.2,tb,55,2892.0,Connor Beasley,4486.0,Lucinda & Scud,,,,"Did not find much when beaten 6 1/2l in a handicap over 1m5f at Ayr last time. Generally out of form, although the trainer is going well. Out of form in both codes in 2025."
300200,183507,3,5,134001,GB,Naughty Niall,4,9-8,60.75,None,54,5548.0,Joe Leavy,45.0,Ian Williams,,,,"Ran to form when scoring by a neck off 51 over 10f at Yarmouth on his penultimate start. Outpaced but rallied in first-time cheekpieces before beaten 1/2l off 53 last time. Suited by 10f, unproven over further, and acts on good to soft and good to firm."
300201,183507,4,1,142262,GB,Wadacre Giorgio,4,9-5,59.4,None,51,18.0,J Fanning,4122.0,C Johnston,,,,"Ran to form but weakened late when stepped up in trip and taken on up front, beaten 5 1/2l in a handicap over 1m6f at Redcar last time. Had been in good form prior. Suited by 12f or 13f and a sound surface, and fairly consistent."
300202,183507,5,4,115653,IRE,Star Of Markinch,9,9-0,57.15,p,46,4423.0,Amie Waugh,3056.0,Gary Rutherford,,,,Continued in poor form when beaten 6l in a handicap over 1m5f at Ayr last time. Cheekpieces are applied for the first time. Effective at 14f–16f and acts on good to soft. Remains an exposed maiden.
300203,183508,1,14,153934,IRE,Arrumba,5,9-9,61.2,None,64,6724.0,S Coen,757.0,Mrs D Foster,2nd,40/1,41.0,"Suited by slightly longer trip when fourth beaten 5l in a maiden over 11f at Dundalk latest; wide draw; stays 11f, farther may suit, acts on a sound surface; just moderate"
300204,183508,2,5,154963,IRE,Spanish Princess,4,9-9,61.2,None,-,6216.0,D W O'Connor,723.0,J C McConnell,,,,"Touch free in front, caught line, big run again when 1/2l third in a maiden at Galway last time; effective 1m, acts on easy ground; unlucky not to be off the mark"
300205,183508,3,16,156031,IRE,Bartolito,3,9-8,60.75,None,-,5426.0,R Whearty,192.0,P W Flynn,2nd,40/1,41.0,Cotai Glory gelding; dam unraced and not notably related; wide draw; hard to find positives
300206,183508,4,4,154909,IRE,Chico Chico,3,9-8,60.75,None,-,332.0,R C Colgan,1552.0,D Kinsella,,,,Yet to show any real signs of ability; all to prove
300207,183508,5,11,152925,IRE,Petes Dream,3,9-8,60.75,None,70,4477.0,A J Slattery,81.0,A Slattery,,,,"Disappointing possibly feeling the fast ground when beaten 8l in a maiden over 6f at Cork last time; suited by 7f, probably prefers easy ground; can win given right conditions"
300208,183508,6,1,156039,IRE,Royal Impact,3,9-8,60.75,None,-,5450.0,J J G Ryan,4237.0,J Davison,,,,Far Above gelding; dam unraced half-sister to French 1m2f Listed winner; yard in good form
300209,183508,7,13,153193,IRE,Sun Soldier,3,9-8,60.75,p,74,4499.0,B M Coen,1017.0,A Oliver,,,,"Caught too far back but stayed up in trip when beaten 4l in a handicap over 7f at Galway last time; wide draw; effective 5-8f, acts on yielding and good; consistent"
300210,183508,8,17,156044,IRE,Yup Bro,3,9-8,60.75,None,-,663.0,R P Cleary,723.0,J C McConnell,,,,"Belardo gelding; half-brother to Lily Rules, very smart at 12f; dam moderate at 8f; wide draw; probably need the run"
300211,183508,9,15,154762,IRE,Burford Beauty,3,9-3,58.5,None,-,861.0,G F Carroll,1431.0,G P Cromwell,,,,"Significant late gains under an educational ride beaten 3 1/2l in a maiden over 7f at The Curragh last time; wide draw; effective 7f, get a mile, acts on good; can improve"
300212,183508,10,3,154436,IRE,Jess Abi,3,9-3,58.5,None,-,919.0,C D Hayes,193.0,D K Weld,,,,Similar run to debut when beaten 9l in an auction race over 9f at Gowran Park last time; trainer in form; 7f/1m should suit; not the biggest
300213,183508,11,7,156033,IRE,Julia Domna,3,9-3,58.5,None,-,1058.0,D P McDonogh,4174.0,J P O'Brien,,,,"Yard won this last year; Holy Roman Emperor filly; full-sister to Numerian, high-class at 10f; top course trainer; interesting debutant"
300214,183508,12,8,153283,IRE,Phoenix Pairc,3,9-3,58.5,t,70,4244.0,N M Crosse,658.0,W McCreery,,,,"Ran to form down in trip when fourth beaten 4l in a maiden over 6f at Navan latest; tongue-tie first time; effective 6/7f, acts on good and yielding; looks to have reached level"
300215,183508,13,6,156040,IRE,Santa Des La Rosa,3,9-3,58.5,t,-,4903.0,J M Sheridan,3822.0,Alan Richardson,,,,"1,500gns breeze-up purchase by Profitable; dam fair at 7f at 2yo; tongue-tie first time; cheap and probably moderate"
300216,183508,14,2,147028,IRE,Snapretend,3,9-3,58.5,None,-,7026.0,D Browne McMonagle,4174.0,J P O'Brien,1st,6/1,7.0,Yard won this last year; nice effort under a conservative ride up in trip when fourth beaten 5l in an auction race over 11f at Limerick latest; top course trainer; suited by 11f and a sound surface; progressive sort
300217,183508,15,10,142390,IRE,Touted Plan,3,9-3,58.5,None,64,1724.0,C T Keane,1092.0,J G Murphy,,,,"Ran to form when 4 1/4l third in a handicap at Killarney most recent run; top course jockey; effective 7-8f, acts on yielding and fast ground; official mark looks right"
300218,183508,16,12,155065,IRE,Cannonball Queen,3,9-3,58.5,None,-,2070.0,Reserve 1,1665.0,S M Duffy,,,,Solid effort made plenty of use of on debut when beaten 5 1/2l in a maiden over 7f at The Curragh; mile should suit; will improve
300219,183508,17,9,155482,IRE,Dolly Hello,3,9-3,58.5,None,-,1729.0,Reserve 2,4226.0,R O'Sullivan,,,,"Tired late on modest debut when well beaten in a maiden at Naas; bred to be suited by 8-10f, action suggests give will suit; should do better"
300220,183509,1,10,119784,GB,Haughty,5,10-1,63.95,None,59,6557.0,M Crehan,4250.0,L Fowler,,22/1,23.0,Below form up in grade when down the field in a handicap at Leopardstown most recently; generally out of form in both codes for new yard.
300221,183509,2,13,129592,IRE,Roman Harry,5,9-13,63.0,None,57,1724.0,C T Keane,4322.0,Ms Claire O'Connell,,,,"Ran to form back on the flat when fourth, beaten 5l in a handicap at Cork last time; top course jockey booked; wide draw; consistent on the flat at 7-8f."
300222,183509,3,8,118590,IRE,Drafted,5,9-12,62.55,None,56,1041.0,J A Heffernan,188.0,C Byrnes,2nd,11/2,6.5,Never competitive after missing the break when down the field in a 7f handicap at Gowran Park most recently; had been in good form prior; consistent at 7f on the all-weather but yet to prove as effective on turf.
300223,183509,4,14,102177,IRE,My Minervina,7,9-12,62.55,None,56,4499.0,B M Coen,4377.0,Aidan Melia,,,,Needed the run when down the field in a 1m5f handicap at Tipperary most recently; generally out of form; wide draw; off a short break; regressive overall.
300224,183509,5,12,105931,GB,Plastic Paddy,7,9-12,62.55,h,56,5538.0,J Cleary,3717.0,Tom McGuinness,,,,Unsuited by the drop in trip when down the field in a 6f handicap at Naas most recently; generally out of form; usually held up; effective at 8-9f; regressive since moving from the UK.
300225,183509,6,6,118371,GB,Distillate,5,9-9,61.2,t,53,6724.0,S Coen,576.0,A McGuinness,1st,4/1,5.0,Ran to form appreciating the stiff track when beaten 3l off 53 over 5f at Naas last time; effective at 6-7f and just about gets 1m; dropped a long way in the weights prior to hinting at revival.
300226,183509,7,3,133033,IRE,Arthur Rose,4,9-7,60.3,p,51,826.0,S Foley,4173.0,M Fahey,,,,"Far too keen and lit up by blinkers, doing too much too soon when down the field in a 12f handicap at Fairyhouse most recently; usually consistent; off a short break; effective at 8f but yet to convince with stamina for further; looks moderate."
300227,183509,8,5,123122,IRE,Ledger,5,9-3,58.5,b,47,5806.0,C Geerdharry,3475.0,Paul Traynor,,25/1,26.0,Made too much use of in a first-time visor when down the field in a handicap at Naas most recently; generally out of form since moving from the UK.
300228,183509,9,4,136625,IRE,Sayfa Fad,4,9-2,58.05,b,46,7026.0,D Browne McMonagle,192.0,P W Flynn,,,,A bit below form when beaten 6 1/2l in a 9f handicap at Leopardstown last time; significant jockey booking; off a short break; effective at 9f on good ground; inconsistent maiden.
300229,183509,10,11,100133,IRE,Leabaland,8,9-1,57.6,p,45,6716.0,P McGettigan,912.0,M M Lynch,,9/1,10.0,Made too much use of when beaten 9l in a 10f handicap at Gowran Park last time; dropping in the weights but on a losing run stretching three years.
300230,183509,11,15,119083,IRE,Nibras Rainbow,5,9-1,57.6,p,45,861.0,G F Carroll,1431.0,G P Cromwell,,,,Below form when beaten 9l in a handicap at Dundalk last time; significant jockey booking; wide draw; effective at 7-8f; regressive in 2025.
300231,183509,12,1,141906,IRE,Draiocht,5,8-11,55.75,h,41,3768.0,K J Leonard,189.0,T J O'Mara,,12/1,13.0,"Lit up in a first-time hood after missing the break, too much to do when meeting trouble and beaten 5 1/2l in a handicap at Cork last time; generally out of form; looks poor and struggling on turf this summer."
300232,183509,13,2,125960,IRE,So Messi,5,8-11,55.75,t,41,5426.0,R Whearty,352.0,T G McCourt,,,,Yard won this last year; flattened out when back up in trip and beaten 9l in an 11f handicap at Dundalk last time; effective at 1m and suited by cut; longstanding and frustrating maiden.
300233,183509,14,9,88006,GB,Hell Left Loose,9,8-10,55.3,tp,40,6726.0,J S Dalton,4193.0,D Hogan,,,,Well held up in grade when beaten 10l in a 6f handicap at The Curragh last time; effective at 6-7f but regressive.
300234,183509,15,7,125445,IRE,Zero Fighter,5,8-10,55.3,p,40,817.0,W M Lordan,1076.0,E D Delany,,,,Made too much use of when down the field in a handicap at Dundalk most recently; generally out of form; top jockey back on board; effective at 7-8f; inconsistent overall.
300235,183510,1,10,90367,IRE,Mogwli,8,10-2,64.4,v,60,,W McCreery,,,,22/1,23.0,Forced wide from a poor draw when beaten 9l in a handicap at Killarney last time; effective 7-8f on good or soft; inconsistent.
300236,183510,2,2,136976,IRE,Mythical Rock,4,10-2,64.4,None,60,4343.0,L T McAteer,2501.0,P J F Murphy,,,,"Made too much use of when stepped up in trip and did not stay, comfortably held in a 10f handicap at Ballinrobe last time; effective 8f, barely gets 10f; inconsistent, frustrating maiden."
300237,183510,3,6,102846,IRE,The Bog Bank,8,10-2,64.4,tp,60,6478.0,Alyse Jane Clarke,352.0,T G McCourt,,,,Well treated at the weights when scoring by 3/4l off 58 over 7f at Down Royal in June; did plenty early and finished 11th beaten 7 1/4l off 61 last time; effective 7-8f; in moderate form.
300238,183510,4,1,106417,IRE,Pinball Wizard,7,10-1,63.95,p,59,1735.0,R Coakley,723.0,J C McConnell,,,,Hung under pressure when beaten 3 1/4l off 59 at Ayr last time; effective 7-10f; inconsistent.
300239,183510,5,3,131474,IRE,La La Lucrative,4,10-0,63.5,h,58,332.0,R C Colgan,2451.0,Matthew J Smith,,,,Poorly placed but never threatened when beaten 6 1/4l in a 7f handicap at Leopardstown last time; generally out of form; effective 6-7 1/2f; inconsistent.
300240,183510,6,4,104047,IRE,Dinamine,7,9-7,60.3,None,51,5483.0,W Joyce,2655.0,M Mulvany,1st,4/1,5.0,"Returned to form dropped in trip, beaten a length off 49 over 6f at Naas last time; versatile regarding trip and ground; poor strike rate but on a workable mark."
300241,183510,7,15,126676,IRE,Famous Enough,5,9-6,59.85,None,50,923.0,N G McCullagh,4172.0,P T Foley,,,,"Improved when dropped in trip, winning a handicap comfortably by 3 1/4l off 40 at Cork last time; has a wide draw; effective 8-9f; may have more to offer now he has got his head in front."
300242,183510,8,5,135603,IRE,Marks One,4,9-6,59.85,None,50,5538.0,J Cleary,823.0,Michael G Cleary,,,,No obvious excuse when beaten 7l in a 7f handicap at Limerick last time; in good form prior; effective 6-7f; exposed and inconsistent maiden.
300243,183510,9,14,119097,GB,Hastily,6,9-5,59.4,None,49,6771.0,Nicola Burns,3717.0,Tom McGuinness,,14/1,15.0,Scored by 1/2l off 40 over 6f at Cork on her penultimate start; below form off a revised mark when 11th beaten 11l off 49 last time; wide draw; effective 5-7f but yet to convince with stamina for further; unreliable.
300244,183510,10,8,121833,IRE,La Tulipe Noire,5,9-5,59.4,None,49,1041.0,J A Heffernan,2890.0,Aengus King,,,,"Back to form dropped in grade when fourth, beaten 4l in a 10f claimer at Roscommon last time; effective 8-10f but yet to convince with speed for shorter; stiff mark based on claiming efforts."
300245,183510,11,7,120290,IRE,Master Garvey,5,9-5,59.4,t,49,1724.0,C T Keane,2875.0,Joseph Murray,,,,"Bit keen but ran to form dropped in trip, beaten a length off 47 at Dundalk last time; has top course jockey; effective 7-9f; on a good mark and in form."
300246,183510,12,13,98678,IRE,Jazz Dreamers,7,9-4,58.95,None,48,6960.0,A S Grant,87.0,S Fahey,,,,Ran poorly down the field in a handicap at Killarney most recently; generally out of form; wide draw; inconsistent since layoff.
300247,183510,13,11,118893,IRE,Boomerang Bill,6,8-12,56.2,th,42,826.0,S Foley,1245.0,A Sexton,,,,Too keen back from a break and well beaten in a 2m2f maiden hurdle at Downpatrick latest; usually consistent; wears a hood for the first time; exposed maiden.
300248,183510,14,9,113808,IRE,Drish Melody,6,8-10,55.3,None,40,927.0,L F Roche,489.0,T Cooper,,,,"Far too keen when stepped up in trip, did not get home and needed the run, beaten 4l in a 10f handicap at Gowran Park last time; generally out of form; well backed for return but must prove ability remains after layoff."
300249,183510,15,12,97442,IRE,Navorrosse,8,8-10,55.3,None,40,919.0,C D Hayes,763.0,G A Kingston,2nd,11/1,12.0,"Had too much to do from a poor draw after missing the break, beaten 4l off 40 over 7f at Gowran Park last time; best with cut; slow starts remain an issue but on a workable mark."
300250,183511,1,7,145455,IRE,Empress Artemis,3,10-0,63.5,t,80,1724.0,C T Keane,1081.0,G M Lyons,,,,"Ran to form when just caught late by a progressive rival, beaten 3/4l off 80 over 7f at Tipperary last time. Has the top course jockey, effective at 1m on good ground, and is on a good mark from 2yo form, remaining competitive."
300251,183511,2,3,139083,IRE,Glyndwr,3,10-0,63.5,None,80,6771.0,Nicola Burns,1081.0,G M Lyons,,12/1,13.0,"Ran to form in first-time cheekpieces when beaten 6l in a handicap at Roscommon last time. Generally out of form and most effective at 7f, but would benefit from dropping back in distance."
300252,183511,3,4,141798,IRE,Fiona Maccoul,3,9-7,60.3,p,73,826.0,S Foley,77.0,Mrs J Harrington,,,,"Forced wide but ran to form when beaten 5 1/2l in a handicap at Galway last time. Cheekpieces are applied for the first time. Effective from 7f to 8f on good, yielding, or soft ground, but more is required off this mark."
300253,183511,4,5,152783,FR,Rizal,3,9-6,59.85,None,72,4499.0,B M Coen,4218.0,J P Murtagh,1st,2/1,3.0,"Improved when dropped in trip and grade on handicap debut, beaten 3l off 68 at Galway last time. The trainer is in form. Effective at 1m, on a fair mark, and looks likely to win soon."
300254,183511,5,8,146694,IRE,Oiche Rua,3,9-5,59.4,h,71,5401.0,Adam Caffrey,576.0,A McGuinness,,,,"Overcame trouble to score by 1 1/4l off 60 at Limerick three starts back. Up 6lb, then below form in higher grade when 11th, beaten 11l off 71 last time. Hood fitted first time, wide draw, effective 7-8f, but needs a drop in grade."
300255,183511,6,1,139533,IRE,Tofino,3,9-3,58.5,None,69,861.0,G F Carroll,1431.0,G P Cromwell,2nd,4/1,5.0,"Improved back down in trip, overcoming trouble to land a handicap by a head off 61 at The Curragh last time. Effective at 7-8f on good ground and can do better again with a clear run."
300256,183511,7,6,145767,IRE,Ribee,3,9-2,58.05,None,68,5483.0,W Joyce,2655.0,M Mulvany,,14/1,15.0,"Below form when dropped in trip in a stronger race, finishing down the field in a handicap at Galway last time. Had been in good form before that. Acts on good or softer ground, effective 8-10f, and can bounce back."
300257,183511,8,2,151716,GB,Shahada Ace,3,8-12,56.2,None,64,4477.0,A J Slattery,81.0,A Slattery,,,,Improved on quicker ground to land a handicap by 7 1/2l off 51 over 7f at Tipperary last time. Effective at 1m on quick ground and looks to be progressing.
300258,183512,1,10,155221,GB,A La Dure,2,9-7,60.3,None,-,5450.0,J J G Ryan,4237.0,J Davison,,,,Green and head high under pressure but solid effort beaten 8l in an auction race at Cork on debut; bred to sprint; should improve
300259,183512,2,4,155249,IRE,Methodtomy Madness,2,9-1,57.6,b,-,826.0,S Foley,4092.0,Daniel Murphy,,,,Ran to debut form under positive handling though still green and beaten 6l in an auction race over 6f at Sligo last time; needs more to get off the mark but still learning
300260,183512,3,9,155659,IRE,Soy El Fuego,2,9-1,57.6,None,-,1724.0,C T Keane,1081.0,G M Lyons,,,,Decent effort behind good winner when well beaten in a maiden over 6f at The Curragh only start; top course jockey; bred for speed; should improve
300261,183512,4,1,155421,GB,Whistling Jamesie,2,9-1,57.6,None,-,817.0,W M Lordan,4222.0,N Lupini,,,,Much better effort hinting at ability beaten 9 1/4l in a maiden over 6f at The Curragh last time; speedily-bred but may need longer trips
300262,183512,5,8,154910,IRE,Cotai Island,2,8-13,56.65,h,-,6771.0,Nicola Burns,1137.0,A Murray,,,,Showed early speed and not given a hard time when well beaten in an auction race over 6f at Navan only start; hood first time; speedily bred; not the biggest and good bit to prove
300263,183512,6,5,156042,IRE,Spiced Gold,2,8-13,56.65,None,-,6478.0,Alyse Jane Clarke,352.0,T G McCourt,,,,"28 Mar; 1,000 euros Kuroshio gelding; half-brother to Quiet Resolve, useful at 7f; very cheap and likely moderate"
300264,183512,7,2,154328,IRE,The Love Machine,2,8-13,56.65,t,-,5483.0,W Joyce,2655.0,M Mulvany,,,,"Improved under firm ride though didn't quite get home beaten 4l in an auction race over 6f at Sligo last time; tongue-tie first time; sprint-bred, acts on yielding; may improve dropped to 5f"
300265,183512,8,13,154308,IRE,Carnival Spirit,2,8-12,56.2,None,45,5359.0,Aileen O'Sullivan,3097.0,S Michael Millar,,,,Not the strongest ride but gave way tamely down the field in a maiden over 6f at The Curragh most recent start; poor so far
300266,183512,9,12,156036,IRE,Land Of Spirit,2,8-10,55.3,b,-,663.0,R P Cleary,1560.0,K P Cotter,,,,"22 Mar; 12,000 euros Invincible Spirit filly; half-sister to Bless Him, very smart at 7f; blinkers first time a worry on debut"
300267,183512,10,7,154636,IRE,Plushy,2,8-10,55.3,h,-,5426.0,R Whearty,1431.0,G P Cromwell,1st,7/4,2.75,"Made normal improvement when second beaten 2 1/4l in an auction race at Cork latest; speedily-bred, acts on a sound surface; bit to come"
300268,183512,11,11,154439,IRE,Lady Landhort,2,8-8,54.4,None,-,927.0,L F Roche,4173.0,M Fahey,,,,Similar quiet ride to debut but showed nothing down the field in a maiden at Naas second start; off a short-break; bred to be a miler; all to prove
300269,183512,12,6,152492,IRE,Queen Of Newark,2,8-8,54.4,None,-,3768.0,K J Leonard,2451.0,Matthew J Smith,,,,"Hood on, bit better run when well beaten in an auction race over 6f at Dundalk latest; sprint-bred, fast ground action; seems moderate"
300270,183512,13,3,153268,IRE,The Right One,2,8-8,54.4,None,72,919.0,C D Hayes,672.0,J P Fahey,,,,Ran to form when 2l third in a maiden at Cork most recent run; trainer in form; effective 5f on good and goo to firm; knocking on the door
300271,183513,1,7,136995,GB,Brigids Cloak,3,10-0,63.5,b,82,4499.0,B M Coen,4218.0,J P Murtagh,,,,Ran to form when beaten 4l off 83 over 6f at The Curragh last time; blinkers first time; trainer in form; effective at 6f on a sound surface.
300272,183513,2,9,133129,IRE,Fair Taxes,4,9-11,62.1,None,77,826.0,S Foley,4226.0,R O'Sullivan,,,,Scored by a neck off 78 at Navan three starts back; made too much use of when sixth beaten 4l off 78 last time; effective at 5-6f; inconsistent but back below last winning mark.
300273,183513,3,4,112988,IRE,Aurora Nova,6,9-9,61.2,None,75,5483.0,W Joyce,4217.0,A McNamara,,,,Benefited from a positive ride to score by 1 1/2l off 69 here in July; below form up in trip when ninth beaten 10l off 76 last time; progression halted recently and handicapper may have caught up.
300274,183513,4,5,120250,IRE,Escaping Thejungle,5,9-7,60.3,None,73,1724.0,C T Keane,1076.0,E D Delany,,,,Did too much too soon up in trip and failed to get home down the field in a 6f handicap at Naas most recently; usually consistent; top course jockey booked; returning from a break; best at 5f and wants dropping back.
300275,183513,5,2,131738,IRE,Rappell,4,9-6,59.85,v,72,7026.0,D Browne McMonagle,192.0,P W Flynn,1st,12/5,3.4,"Did too much too soon up in grade in first-time visor, beaten 7l in a 6f handicap at The Curragh last time; had been in good form prior; effective at 5-6f; generally consistent and can bounce back down in grade."
300276,183513,6,3,153157,IRE,Best Suggestion,3,9-5,59.4,t,73,919.0,C D Hayes,1017.0,A Oliver,,,,Below form up in grade when beaten 8 1/2l in a handicap at Tipperary last time; effective at 5f on a sound surface; generally consistent in a short career.
300277,183513,7,1,139091,IRE,Skillman Ave,3,9-5,59.4,b,73,861.0,G F Carroll,1431.0,G P Cromwell,,,,"Scored by a neck off 68 at Tipperary three starts back; never competitive up in grade having missed the break, 13th beaten 21l off 74 last time; effective at 5-6f; generally consistent."
300278,183513,8,8,126751,IRE,Velvet Skies,4,9-2,58.05,None,68,6582.0,T Casey,2655.0,M Mulvany,,,,No obvious excuse when beaten 6l in a 6f handicap at The Curragh last time; had been in good form prior; off a short break; effective at 5-6f; consistent but looks in the grip of the handicapper.
300279,183513,9,6,142751,IRE,Penny Mountain,4,8-12,56.2,None,64,4903.0,J M Sheridan,738.0,A Mullins,,,,"Below form up in grade and trip on handicap debut, did not stay when down the field in a 7f handicap at The Curragh most recently; usually consistent; off a short break; effective at 6f and needs a drop in trip."
300280,183514,1,1,125532,IRE,Ballerina Boxer,7,9-12,62.55,None,85,6557.0,M Crehan,3696.0,William Harvey,,,,Down the field in a handicap hurdle over 3m at Wexford most recent; generally consistent over hurdles but only moderate
300281,183514,2,3,138488,GB,Radar Ahead,4,9-12,62.55,None,74,5426.0,R Whearty,352.0,T G McCourt,,,,Down the field in a handicap hurdle over 2m1f at Galway most recent run; good 3rd in a maiden latest Flat start here in July; chance
300282,183514,3,5,152743,IRE,Alexa Next,3,9-3,58.5,None,65,5811.0,M W Hassett,4191.0,M Hassett,,,,Minor promise beaten 8l in an auction race over 11f at Limerick last time; hasn't been knocked about so far but rating may flatter
300283,183514,4,6,155100,IRE,Carmels Phoenix,3,9-3,58.5,h,-,861.0,G F Carroll,4173.0,M Fahey,,,,Got a long way back but finished with promise when 8 1/4l fourth in a maiden over 9f at The Curragh first-time out; bred for distances around 10f; should do better
300284,183514,5,10,153456,IRE,Gifted,3,9-3,58.5,None,-,817.0,W M Lordan,1283.0,A P O'Brien,2nd,3/1,4.0,"Not given hard time on promising debut when 3 1/2l fourth in a maiden here; off a short-break; middle-distance bred, give should suit; ought to improve"
300285,183514,6,7,154670,USA,Likewhatyousee,3,9-3,58.5,None,-,663.0,R P Cleary,480.0,C W J Farrell,,28/1,29.0,"Made more use of and tired late when beaten 8l in a maiden over 11f at Killarney last time; probably stays 12f, acts on good; just useful"
300286,183514,7,8,154897,IRE,Rapid Sequence,3,9-3,58.5,None,-,4903.0,J M Sheridan,4193.0,D Hogan,,,,Yet to show any real signs of ability; all to prove after two very poor efforts
300287,183514,8,2,152215,GB,Sayidah New Bay,3,9-3,58.5,None,-,4244.0,N M Crosse,3743.0,John O'Donoghue,,,,"Well backed, very green and possibly not happy on the fast ground well beaten in a maiden over 8f at Bath only start; returning from a break; step up in trip and give may help"
300288,183514,9,9,154952,IRE,Stellar Quality,3,9-3,58.5,None,-,826.0,S Foley,77.0,Mrs J Harrington,,,,"Late gains past tiring rivals when third beaten 3 1/4l in a maiden over 11f at Killarney on debut; middle-distance bred; should progress, rating may flatter though"
300289,183514,10,4,142391,IRE,Tswalu,3,9-3,58.5,None,84,7026.0,D Browne McMonagle,4174.0,J P O'Brien,1st,5/4,2.25,"Well backed, came clear with winner and ran to form when second beaten 3/4l in a maiden over 10f at Cork latest; top course trainer; effective 10-12f on a sound surface; not the most resolute"
300290,183515,1,1,117231,GB,Baltic Bird,6,12-2,77.1,None,83,6991.0,Ms K M Ryan,1478.0,W Durkan,,,,Below form when finishing down the field in a Listed handicap hurdle over 2m6f at Galway last time; may benefit from dropping in trip.
300291,183515,2,9,146410,GB,Light Up The Dark,4,12-1,76.65,None,82,5259.0,Mr J L Gleeson,4174.0,J P O'Brien,,,,"Ran to form, relishing the step up in trip on handicap debut when beaten a length off 78 over 2m1f at Galway last time; from a top course trainer; effective 12-16f; Listed bumper winner, unexposed on the flat and on a good mark, with more to come."
300292,183515,3,3,131776,IRE,Messerschmitt,4,11-13,75.7,t,80,6511.0,Mr M J Kenneally,397.0,N Meade,2nd,10/3,4.33,"Travelled well but never got a run until after the last, a touch unlucky, ran to form on handicap debut when beaten 3/4l off 123 over 2m1f at Galway last time; trainer in form; usually held up; well treated on flat and Graded hurdle form."
300293,183515,4,5,119523,IRE,Molly Hall,7,11-12,75.25,None,79,4068.0,Mr C J Shine,3744.0,Alan McIntyre,,,,"Outclassed when stepped up in grade, finishing down the field in a handicap over 2m at The Curragh last time; enjoys making the running; returns from a short break; effective 12-16f; versatile ground performer though the handicapper may have caught up."
300294,183515,5,4,95701,IRE,Curious Bride,8,11-10,74.35,t,77,482.0,Mr P A King,538.0,E O'Connell,,,,"Had a bit in hand when scoring by 3l off 71 over 1m7f at Leopardstown three starts back; below form when fifth, beaten 16l, off 77 last time; usually held up; consistent around 2m on a sound surface, but the handicapper looks in charge."
300295,183515,6,8,110356,IRE,Arch Enemy,6,11-9,73.9,None,76,5204.0,Mr D McGill,3506.0,Patrick Magee,,,,"Had every chance, ran to form but was outstayed late when upped in trip and comfortably held in a handicap hurdle over 3m2f at Ballinrobe last time; on a fair mark, effective at 2m, worth trying at 2 1/2m."
300296,183515,7,7,95893,IRE,Zanahiyr,8,11-9,73.9,tp,76,5874.0,Mr J H Williamson,383.0,G Elliott,1st,7/4,2.75,Travelled comfortably and ran to form when winning the Kinlay Hostel Chase at Galway over 2m7f by 4l last time; a steadily progressive and consistent veteran over jumps.
300297,183515,8,2,85734,IRE,Walking On Glass,10,10-13,69.35,b,66,687.0,Miss A B O'Connor,4194.0,P Roche,,,,"Ran to form when fourth, beaten 9 1/4l, in a handicap over 1m7f at Leopardstown last time; wears blinkers for the first time; effective 14-16f; looks on a level mark now."
300298,183515,9,6,86895,IRE,Takarengo,9,10-9,67.55,None,62,6759.0,Ms M Barcoe,2617.0,J Barcoe,,12/1,13.0,"Had too much to do at a sharp track after blowing the start, but returned to form when back up in trip and beaten a length off 60 over 2m at Tramore last time; usually held up; an inconsistent dual-purpose veteran, suited by staying trips on the flat, on a workable mark."
